folder_name,run_name,dataset,model,optimizer,seed,learning_rate,batch_size,epochs,test_accuracy,test_f1,cls_accuracy,macro_precision,macro_recall,macro_f1,weighted_precision,weighted_recall,weighted_f1,final_train_loss,final_train_acc,final_val_loss,final_val_acc,final_val_f1,best_epoch,best_val_loss,best_val_acc,best_val_f1,training_time_seconds
distilbert_ag_news_adagrad_0.001_16_20251127_055522,distilbert_ag_news_adagrad_0.001_16_20251127_055522,ag_news,distilbert,adagrad,42,0.001,16,3,0.9375,0.93740109242952,0.9375,0.9383104688620648,0.9375,0.93740109242952,0.9383104688620648,0.9375,0.93740109242952,0.1253870417299991,0.9581583333333332,0.1922778777479145,0.9375,0.93740109242952,3,0.1922778777479145,0.9375,0.93740109242952,8086.927616119385
distilbert_ag_news_adamw_2e-05_16_20251126_230809,distilbert_ag_news_adamw_2e-05_16_20251126_230809,ag_news,distilbert,adamw,42,2e-05,16,3,0.945921052631579,0.9458837731972404,0.945921052631579,0.9464415567624128,0.9459210526315788,0.9458837731972404,0.9464415567624128,0.945921052631579,0.9458837731972402,0.0883251827366805,0.9692666666666668,0.1715502327284775,0.945921052631579,0.9458837731972404,3,0.1715502327284775,0.945921052631579,0.9458837731972404,8272.288390398026
distilbert_ag_news_adam_2e-05_16_20251126_205128,distilbert_ag_news_adam_2e-05_16_20251126_205128,ag_news,distilbert,adam,42,2e-05,16,3,0.9425,0.9424329939111716,0.9425,0.9428171464780848,0.9425,0.9424329939111716,0.942817146478085,0.9425,0.9424329939111716,0.0884399771217256,0.9693166666666668,0.1729815158875365,0.9425,0.9424329939111716,2,0.1673795077219409,0.9435526315789474,0.9434674111811066,8186.541989564896
distilbert_ag_news_cobyla_0.0001_16_20251127_081023,distilbert_ag_news_cobyla_0.0001_16_20251127_081023,ag_news,distilbert,cobyla,42,0.0001,16,3,0.8230263157894737,0.8215075423291729,0.8230263157894737,0.8298012582770586,0.8230263157894737,0.8215075423291729,0.8298012582770588,0.8230263157894737,0.8215075423291729,1.252548751449585,0.7351666666666666,1.1776072208504929,0.8230263157894737,0.8215075423291729,3,1.1776072208504929,0.8230263157894737,0.8215075423291729,7867.939809083939
distilbert_ag_news_qng_1e-05_16_20251127_123812,distilbert_ag_news_qng_1e-05_16_20251127_123812,ag_news,distilbert,qng,42,1e-05,16,3,0.9439473684210526,0.943913014818364,0.9439473684210526,0.9446840891694688,0.9439473684210524,0.943913014818364,0.9446840891694688,0.9439473684210526,0.9439130148183644,0.1251534042594644,0.9581083333333332,0.1657812801322066,0.9439473684210526,0.943913014818364,3,0.1657812801322066,0.9439473684210526,0.943913014818364,8249.16096329689
distilbert_ag_news_qpso_3e-05_16_20251127_102139,distilbert_ag_news_qpso_3e-05_16_20251127_102139,ag_news,distilbert,qpso,42,3e-05,16,3,0.945,0.9447989332099976,0.945,0.9448384780556802,0.945,0.9447989332099976,0.9448384780556802,0.945,0.9447989332099976,0.0965971073577568,0.9676416666666666,0.1853473332607628,0.945,0.9447989332099976,3,0.1853473332607628,0.945,0.9447989332099976,8183.2852993011475
distilbert_ag_news_rmsprop_0.0001_16_20251127_034053,distilbert_ag_news_rmsprop_0.0001_16_20251127_034053,ag_news,distilbert,rmsprop,42,0.0001,16,3,0.9147368421052632,0.9147295214425072,0.9147368421052632,0.9167998822042912,0.9147368421052632,0.9147295214425072,0.9167998822042912,0.9147368421052632,0.9147295214425072,0.2394052768068388,0.9268333333333332,0.2936368087973249,0.9147368421052632,0.9147295214425072,2,0.2690584486919014,0.9198684210526316,0.9196116247098628,8058.783723115921
distilbert_ag_news_sgd_0.001_16_20251127_012611,distilbert_ag_news_sgd_0.001_16_20251127_012611,ag_news,distilbert,sgd,42,0.001,16,3,0.9444736842105264,0.9444014495784196,0.9444736842105264,0.944441388140592,0.9444736842105264,0.9444014495784196,0.944441388140592,0.9444736842105264,0.9444014495784196,0.1254693727516569,0.9566333333333332,0.170344184721624,0.9444736842105264,0.9444014495784196,3,0.170344184721624,0.9444736842105264,0.9444014495784196,8070.85940861702
distilbert_imdb_adagrad_0.001_16_20251129_125719,distilbert_imdb_adagrad_0.001_16_20251129_125719,imdb,distilbert,adagrad,42,0.001,16,3,0.84872,0.848387933186783,0.84872,0.8518021243392513,0.8487199999999999,0.848387933186783,0.8518021243392513,0.84872,0.8483879331867831,0.1665547084181271,0.93936,0.377931918522554,0.84872,0.848387933186783,2,0.315894801772044,0.863,0.8629931323389488,3219.9720668792725
distilbert_imdb_adamw_2e-05_16_20251129_101524,distilbert_imdb_adamw_2e-05_16_20251129_101524,imdb,distilbert,adamw,42,2e-05,16,3,0.90756,0.9075040251358512,0.90756,0.9085489499301588,0.90756,0.9075040251358512,0.9085489499301588,0.90756,0.9075040251358512,0.0817893579952604,0.9726,0.2986441512132359,0.90756,0.9075040251358512,1,0.2186924670879524,0.91096,0.9109598541166252,3266.0280907154083
distilbert_imdb_adam_2e-05_16_20251129_092100,distilbert_imdb_adam_2e-05_16_20251129_092100,imdb,distilbert,adam,42,2e-05,16,3,0.9086,0.9085738259297595,0.9086,0.9090684429275172,0.9086,0.9085738259297595,0.9090684429275172,0.9086,0.9085738259297598,0.0828187297648313,0.97212,0.2915198098957435,0.9086,0.9085738259297595,1,0.2193578511833434,0.91096,0.9109599720770472,3254.8507022857666
distilbert_imdb_cobyla_0.0001_16_20251129_135113,distilbert_imdb_cobyla_0.0001_16_20251129_135113,imdb,distilbert,cobyla,42,0.0001,16,3,0.46572,0.4615081137693309,0.46572,0.4646128589956497,0.46572,0.4615081137693309,0.4646128589956497,0.46572,0.4615081137693308,0.6951425739075996,0.49024,0.694741379238441,0.46572,0.4615081137693309,3,0.694741379238441,0.46572,0.4615081137693309,3192.531341314316
distilbert_imdb_qng_1e-05_16_20251129_153857,distilbert_imdb_qng_1e-05_16_20251129_153857,imdb,distilbert,qng,42,1e-05,16,3,0.91084,0.9108101964779588,0.91084,0.9113898775330104,0.91084,0.9108101964779588,0.9113898775330104,0.91084,0.9108101964779588,0.1602649661722478,0.94144,0.2332966708761693,0.91084,0.9108101964779588,3,0.2332966708761693,0.91084,0.9108101964779588,3260.249376296997
distilbert_imdb_qpso_3e-05_16_20251129_144435,distilbert_imdb_qpso_3e-05_16_20251129_144435,imdb,distilbert,qpso,42,3e-05,16,3,0.89636,0.8962098112792491,0.89636,0.8986675541416529,0.89636,0.8962098112792491,0.8986675541416529,0.89636,0.8962098112792493,0.0757715862103,0.97396,0.3614607449661815,0.89636,0.8962098112792491,1,0.2345046097036124,0.90496,0.9049495605722174,3251.6545996665955
distilbert_imdb_rmsprop_0.0001_16_20251129_120352,distilbert_imdb_rmsprop_0.0001_16_20251129_120352,imdb,distilbert,rmsprop,42,0.0001,16,3,0.82016,0.8201301606009148,0.82016,0.8203725920757554,0.82016,0.8201301606009148,0.8203725920757554,0.82016,0.8201301606009147,0.4437346936359058,0.80128,0.4135313501756731,0.82016,0.8201301606009148,3,0.4135313501756731,0.82016,0.8201301606009148,3197.8267238140106
distilbert_imdb_sgd_0.001_16_20251129_111001,distilbert_imdb_sgd_0.001_16_20251129_111001,imdb,distilbert,sgd,42,0.001,16,3,0.90844,0.9084292399228946,0.90844,0.9086320662244838,0.90844,0.9084292399228946,0.9086320662244836,0.90844,0.9084292399228946,0.1581244923347775,0.94064,0.2387092552603337,0.90844,0.9084292399228946,3,0.2387092552603337,0.90844,0.9084292399228946,3220.147946357727
distilbert_sst2_adagrad_0.001_16_20251130_113955,distilbert_sst2_adagrad_0.001_16_20251130_113955,sst2,distilbert,adagrad,42,0.001,16,3,0.8612385321100917,0.8611974600050779,0.8612385321100917,0.8611843386109752,0.8612128483623811,0.8611974600050779,0.8612462740385369,0.8612385321100917,0.8612412702504261,0.0922791423123427,0.96810643068197,0.4252037465064363,0.8612385321100917,0.8611974600050779,3,0.4252037465064363,0.8612385321100917,0.8611974600050779,4442.877734184265
distilbert_sst2_adamw_2e-05_16_20251130_075529,distilbert_sst2_adamw_2e-05_16_20251130_075529,sst2,distilbert,adamw,42,2e-05,16,3,0.893348623853211,0.8932979659826084,0.893348623853211,0.8933675483616266,0.8932495579691841,0.8932979659826084,0.8933537850827789,0.893348623853211,0.8933406252420633,0.0728263625015688,0.9742980593624256,0.3012826159088449,0.893348623853211,0.8932979659826084,2,0.2497977722266858,0.908256880733945,0.9080008651294792,4563.619433879852
distilbert_sst2_adam_2e-05_16_20251130_063937,distilbert_sst2_adam_2e-05_16_20251130_063937,sst2,distilbert,adam,42,2e-05,16,3,0.8956422018348624,0.8955563540543778,0.8956422018348624,0.895886347711096,0.8954176138755578,0.8955563540543778,0.8957714555340449,0.8956422018348624,0.8956112966338879,0.0729947460156361,0.9739417066326151,0.2930713307451118,0.8956422018348624,0.8955563540543778,1,0.244717372005636,0.9059633027522936,0.9058518678471172,4541.522466421127
distilbert_sst2_cobyla_0.0001_16_20251130_125411,distilbert_sst2_cobyla_0.0001_16_20251130_125411,sst2,distilbert,cobyla,42,0.0001,16,3,0.5091743119266054,0.3373860182370821,0.5091743119266054,0.2545871559633027,0.5,0.3373860182370821,0.2592584799259321,0.5091743119266054,0.3435765873790469,0.6863091403826399,0.5578850465485753,0.6959813540632075,0.5091743119266054,0.3373860182370821,1,0.6959388776258989,0.5091743119266054,0.3373860182370821,4310.876276016235
distilbert_sst2_qng_1e-05_16_20251130_152133,distilbert_sst2_qng_1e-05_16_20251130_152133,sst2,distilbert,qng,42,1e-05,16,3,0.8979357798165137,0.8975854565225136,0.8979357798165137,0.9009306921225836,0.8971646880525386,0.8975854565225136,0.9003734991354078,0.8979357798165137,0.897695361869651,0.1084797254894614,0.9610387682073972,0.2953666917641054,0.8979357798165137,0.8975854565225136,1,0.2396534669128331,0.908256880733945,0.9081873315363882,4547.686699390411
distilbert_sst2_qpso_3e-05_16_20251130_140613,distilbert_sst2_qpso_3e-05_16_20251130_140613,sst2,distilbert,qpso,42,3e-05,16,3,0.8727064220183486,0.8719951756178264,0.8727064220183486,0.8779669997377533,0.8716321461648564,0.8719951756178264,0.8772286730402931,0.8727064220183486,0.872170251654878,0.0790758634717789,0.9721599429835632,0.3398764699866826,0.8727064220183486,0.8719951756178264,1,0.2622300382703543,0.8944954128440367,0.8944282142387157,4510.523316860199
distilbert_sst2_rmsprop_0.0001_16_20251130_102555,distilbert_sst2_rmsprop_0.0001_16_20251130_102555,sst2,distilbert,rmsprop,42,0.0001,16,3,0.8119266055045872,0.8110908562521466,0.8119266055045872,0.8206632927748465,0.813420897533047,0.8110908562521466,0.8217222851712417,0.8119266055045872,0.8108603047342319,0.2313797989953088,0.9138071834771118,0.4496945695443587,0.8119266055045872,0.8110908562521466,1,0.4812470379200849,0.8119266055045872,0.8119107744107744,4430.574387311935
distilbert_sst2_sgd_0.001_16_20251130_091143,distilbert_sst2_sgd_0.001_16_20251130_091143,sst2,distilbert,sgd,42,0.001,16,3,0.9139908256880734,0.91399071257511,0.9139908256880734,0.9142448973148748,0.9142775953523616,0.91399071257511,0.914535264888362,0.9139908256880734,0.9139925223825216,0.1075907984629025,0.960860591842492,0.271572495937686,0.9139908256880734,0.91399071257511,1,0.2260547184808687,0.9162844036697247,0.9162525736914464,4440.973191738129
lstm_ag_news_adagrad_0.001_16_20251129_051547,lstm_ag_news_adagrad_0.001_16_20251129_051547,ag_news,lstm,adagrad,42,0.001,16,8,0.8822368421052632,0.8823257847805484,0.8822368421052632,0.8827060002585734,0.8822368421052632,0.8823257847805484,0.8827060002585735,0.8822368421052632,0.8823257847805484,0.3107442421572904,0.8936666666666667,0.3349002255420936,0.8822368421052632,0.8823257847805484,8,0.3349002255420936,0.8822368421052632,0.8823257847805484,3662.48717713356
lstm_ag_news_adamw_2e-05_16_20251129_021140,lstm_ag_news_adamw_2e-05_16_20251129_021140,ag_news,lstm,adamw,42,2e-05,16,8,0.8993421052631579,0.8994128712386191,0.8993421052631579,0.9000462913508356,0.8993421052631578,0.8994128712386191,0.9000462913508355,0.8993421052631579,0.8994128712386191,0.2462698102649301,0.9152833333333332,0.2953755952457064,0.8993421052631579,0.8994128712386191,8,0.2953755952457064,0.8993421052631579,0.8994128712386191,3711.26287484169
lstm_ag_news_adam_2e-05_16_20251129_010955,lstm_ag_news_adam_2e-05_16_20251129_010955,ag_news,lstm,adam,42,2e-05,16,8,0.8982894736842105,0.8983735158593706,0.8982894736842105,0.8990713022481248,0.8982894736842105,0.8983735158593706,0.8990713022481249,0.8982894736842105,0.8983735158593706,0.2447232566185295,0.9157916666666668,0.2952188926837162,0.8982894736842105,0.8983735158593706,8,0.2952188926837162,0.8982894736842105,0.8983735158593706,3699.505014181137
lstm_ag_news_cobyla_0.0001_16_20251129_061658,lstm_ag_news_cobyla_0.0001_16_20251129_061658,ag_news,lstm,cobyla,42,0.0001,16,8,0.2473684210526315,0.1179888672811282,0.2473684210526315,0.1727625839502709,0.2473684210526315,0.1179888672811282,0.1727625839502709,0.2473684210526315,0.1179888672811282,1.3868720564365389,0.249525,1.3868692704250938,0.2473684210526315,0.1179888672811282,2,1.3870132428721378,0.2506578947368421,0.1091904748171971,3603.4562208652496
lstm_ag_news_qng_1e-05_16_20251129_081905,lstm_ag_news_qng_1e-05_16_20251129_081905,ag_news,lstm,qng,42,1e-05,16,8,0.8323684210526315,0.8336011777139718,0.8323684210526315,0.8358421185932348,0.8323684210526316,0.8336011777139718,0.8358421185932348,0.8323684210526315,0.8336011777139719,0.4690471865365903,0.83155,0.4633002142372884,0.8323684210526315,0.8336011777139718,8,0.4633002142372884,0.8323684210526315,0.8336011777139718,3710.600032806397
lstm_ag_news_qpso_3e-05_16_20251129_071705,lstm_ag_news_qpso_3e-05_16_20251129_071705,ag_news,lstm,qpso,42,3e-05,16,8,0.9078947368421052,0.9079765964030896,0.9078947368421052,0.9088100019280804,0.9078947368421052,0.9079765964030896,0.9088100019280804,0.9078947368421052,0.9079765964030896,0.1848101014645149,0.937475,0.2716846348188425,0.9078947368421052,0.9079765964030896,8,0.2716846348188425,0.9078947368421052,0.9079765964030896,3716.831726551056
lstm_ag_news_rmsprop_0.0001_16_20251129_041434,lstm_ag_news_rmsprop_0.0001_16_20251129_041434,ag_news,lstm,rmsprop,42,0.0001,16,8,0.9127631578947368,0.912914487542568,0.9127631578947368,0.9133631183454424,0.9127631578947368,0.912914487542568,0.9133631183454426,0.9127631578947368,0.912914487542568,0.1443520654366351,0.951575,0.2842824707057719,0.9127631578947368,0.912914487542568,8,0.2842824707057719,0.9127631578947368,0.912914487542568,3668.640439271927
lstm_ag_news_sgd_0.001_16_20251129_031337,lstm_ag_news_sgd_0.001_16_20251129_031337,ag_news,lstm,sgd,42,0.001,16,8,0.8948684210526315,0.8948916069312185,0.8948684210526315,0.8958152790682113,0.8948684210526316,0.8948916069312185,0.8958152790682113,0.8948684210526315,0.8948916069312185,0.2599352493548145,0.9109416666666666,0.3070217425885953,0.8948684210526315,0.8948916069312185,8,0.3070217425885953,0.8948684210526315,0.8948916069312185,3653.7886333465576
lstm_imdb_adagrad_0.001_16_20251130_052338,lstm_imdb_adagrad_0.001_16_20251130_052338,imdb,lstm,adagrad,42,0.001,16,8,0.81156,0.811555730305115,0.81156,0.811588239366769,0.8115600000000001,0.811555730305115,0.8115882393667692,0.81156,0.811555730305115,0.3842091384991498,0.83304,0.4283718911541229,0.81156,0.811555730305115,8,0.4283718911541229,0.81156,0.811555730305115,1130.841771364212
lstm_imdb_adamw_2e-05_16_20251130_042638,lstm_imdb_adamw_2e-05_16_20251130_042638,imdb,lstm,adamw,42,2e-05,16,8,0.80968,0.8096773092939279,0.80968,0.8096975135182685,0.80968,0.8096773092939279,0.8096975135182686,0.80968,0.809677309293928,0.3976132370154978,0.82552,0.4315146689535007,0.80968,0.8096773092939279,8,0.4315146689535007,0.80968,0.8096773092939279,1143.1687276363373
lstm_imdb_adam_2e-05_16_20251130_040738,lstm_imdb_adam_2e-05_16_20251130_040738,imdb,lstm,adam,42,2e-05,16,8,0.80796,0.8078611671660336,0.80796,0.8085949432301063,0.80796,0.8078611671660336,0.8085949432301063,0.80796,0.8078611671660337,0.3987161502032347,0.82516,0.4326667945178956,0.80796,0.8078611671660336,8,0.4326667945178956,0.80796,0.8078611671660336,1134.6534762382507
lstm_imdb_cobyla_0.0001_16_20251130_054238,lstm_imdb_cobyla_0.0001_16_20251130_054238,imdb,lstm,cobyla,42,0.0001,16,8,0.49876,0.4986373618856359,0.49876,0.4987587855481176,0.49876,0.4986373618856359,0.4987587855481176,0.49876,0.4986373618856359,0.6933507486100542,0.49896,0.6931406277078738,0.49876,0.4986373618856359,8,0.6931406277078738,0.49876,0.4986373618856359,1116.86523270607
lstm_imdb_qng_1e-05_16_20251130_062024,lstm_imdb_qng_1e-05_16_20251130_062024,imdb,lstm,qng,42,1e-05,16,8,0.70284,0.7021888366059857,0.70284,0.7046296892981567,0.70284,0.7021888366059857,0.7046296892981566,0.70284,0.7021888366059857,0.5820295749302484,0.6992,0.5755935530687706,0.70284,0.7021888366059857,8,0.5755935530687706,0.70284,0.7021888366059857,1147.9729464054108
lstm_imdb_qpso_3e-05_16_20251130_060121,lstm_imdb_qpso_3e-05_16_20251130_060121,imdb,lstm,qpso,42,3e-05,16,8,0.82028,0.8196245737095977,0.82028,0.8250038376998685,0.82028,0.8196245737095977,0.8250038376998684,0.82028,0.8196245737095977,0.357506848371189,0.84888,0.4065627919430162,0.82028,0.8196245737095977,8,0.4065627919430162,0.82028,0.8196245737095977,1136.603319644928
lstm_imdb_rmsprop_0.0001_16_20251130_050438,lstm_imdb_rmsprop_0.0001_16_20251130_050438,imdb,lstm,rmsprop,42,0.0001,16,8,0.7846,0.7845971459983456,0.7846,0.7846150841440755,0.7846,0.7845971459983456,0.7846150841440755,0.7846,0.7845971459983456,0.446349270508332,0.79664,0.4536232430004036,0.7846,0.7845971459983456,8,0.4536232430004036,0.7846,0.7845971459983456,1136.1784636974337
lstm_imdb_sgd_0.001_16_20251130_044547,lstm_imdb_sgd_0.001_16_20251130_044547,imdb,lstm,sgd,42,0.001,16,8,0.57304,0.5719801983170925,0.57304,0.5737706414294733,0.57304,0.5719801983170925,0.5737706414294733,0.57304,0.5719801983170925,0.6755491814320467,0.57712,0.6771460427966396,0.57304,0.5719801983170925,8,0.6771460427966396,0.57304,0.5719801983170925,1125.0121080875397
lstm_sst2_adagrad_0.001_16_20251201_130400,lstm_sst2_adagrad_0.001_16_20251201_130400,sst2,lstm,adagrad,42,0.001,16,8,0.7752293577981652,0.7744879163565928,0.7752293577981652,0.7769152347981225,0.7744379893912604,0.7744879163565928,0.7765941153695591,0.7752293577981652,0.774725177617896,0.2599200887866583,0.8939850628814088,0.6159609772942283,0.7752293577981652,0.7744879163565928,5,0.5547856138511138,0.7809633027522935,0.7802114853460687,1405.169446706772
lstm_sst2_adamw_2e-05_16_20251201_115309,lstm_sst2_adamw_2e-05_16_20251201_115309,sst2,lstm,adamw,42,2e-05,16,8,0.768348623853211,0.767809970736337,0.768348623853211,0.7692706679369112,0.7677233308074429,0.767809970736337,0.7690537163878052,0.768348623853211,0.7680151719237176,0.2401893057606035,0.9036065865862892,0.6621180260723287,0.768348623853211,0.767809970736337,7,0.6453082347458059,0.7798165137614679,0.7793522267206479,1435.8437128067017
lstm_sst2_adam_2e-05_16_20251201_112916,lstm_sst2_adam_2e-05_16_20251201_112916,sst2,lstm,adam,42,2e-05,16,8,0.768348623853211,0.767809970736337,0.768348623853211,0.7692706679369112,0.7677233308074429,0.767809970736337,0.7690537163878052,0.768348623853211,0.7680151719237176,0.239459077981378,0.9039332432552822,0.6641706439581785,0.768348623853211,0.767809970736337,7,0.647158421440558,0.7786697247706422,0.7781793402688535,1429.5234632492063
lstm_sst2_cobyla_0.0001_16_20251201_132731,lstm_sst2_cobyla_0.0001_16_20251201_132731,sst2,lstm,cobyla,42,0.0001,16,8,0.5091743119266054,0.3373860182370821,0.5091743119266054,0.2545871559633027,0.5,0.3373860182370821,0.2592584799259321,0.5091743119266054,0.3435765873790469,0.6901024547155566,0.5547966562235519,0.6933855468576605,0.5091743119266054,0.3373860182370821,5,0.6933306585658681,0.5114678899082569,0.3425507061696931,1383.4740042686462
lstm_sst2_qng_1e-05_16_20251201_141436,lstm_sst2_qng_1e-05_16_20251201_141436,sst2,lstm,qng,42,1e-05,16,8,0.7454128440366973,0.7445042762115932,0.7454128440366973,0.7470025510204081,0.7445693356908311,0.7445042762115932,0.7467135133870061,0.7454128440366973,0.7447838355423944,0.4995822858003426,0.7556162675021159,0.5764465570449829,0.7454128440366973,0.7445042762115932,8,0.5764465570449829,0.7454128440366973,0.7445042762115932,1436.94992518425
lstm_sst2_qpso_3e-05_16_20251201_135039,lstm_sst2_qpso_3e-05_16_20251201_135039,sst2,lstm,qpso,42,3e-05,16,8,0.7889908256880734,0.7883495145631068,0.7889908256880734,0.7905950258891435,0.788246190115349,0.7883495145631068,0.7902741858489295,0.7889908256880734,0.7885632849380957,0.1798599320209437,0.9312239231465946,0.6256277049129659,0.7889908256880734,0.7883495145631068,8,0.6256277049129659,0.7889908256880734,0.7883495145631068,1431.998715877533
lstm_sst2_rmsprop_0.0001_16_20251201_124022,lstm_sst2_rmsprop_0.0001_16_20251201_124022,sst2,lstm,rmsprop,42,0.0001,16,8,0.7993119266055045,0.798988090768864,0.7993119266055045,0.7998938569022058,0.7988444051528163,0.798988090768864,0.7997214331105906,0.7993119266055045,0.7991361300084711,0.1326997236965883,0.9503481863130856,0.6496199908581647,0.7993119266055045,0.798988090768864,2,0.4907654297622767,0.805045871559633,0.8048723983425211,1413.6624534130096
lstm_sst2_sgd_0.001_16_20251201_121709,lstm_sst2_sgd_0.001_16_20251201_121709,sst2,lstm,sgd,42,0.001,16,8,0.7809633027522935,0.7807531050279404,0.7809633027522935,0.7810973199462408,0.7806579944430412,0.7807531050279404,0.7810408916540525,0.7809633027522935,0.7808776666423719,0.3566689669218737,0.8450014105628888,0.5388378108089621,0.7809633027522935,0.7807531050279404,8,0.5388378108089621,0.7809633027522935,0.7807531050279404,1388.5838882923126
roberta_ag_news_adagrad_0.001_16_20251128_080858,roberta_ag_news_adagrad_0.001_16_20251128_080858,ag_news,roberta,adagrad,42,0.001,16,3,0.25,0.1,0.25,0.0625,0.25,0.1,0.0625,0.25,0.1,1.387317338180542,0.2498916666666666,1.3864045489461798,0.25,0.1,1,1.386441145445171,0.25,0.1,15228.103382825851
roberta_ag_news_adamw_2e-05_16_20251127_191616,roberta_ag_news_adamw_2e-05_16_20251127_191616,ag_news,roberta,adamw,42,2e-05,16,3,0.9465789473684212,0.9464916135511998,0.9465789473684212,0.9473195100181666,0.946578947368421,0.9464916135511998,0.9473195100181666,0.9465789473684212,0.9464916135512,0.1192591103381166,0.9592666666666668,0.1680399762819472,0.9465789473684212,0.9464916135511998,2,0.1676593442074954,0.9473684210526316,0.9472108112194552,15698.184984207152
roberta_ag_news_adam_2e-05_16_20251127_145554,roberta_ag_news_adam_2e-05_16_20251127_145554,ag_news,roberta,adam,42,2e-05,16,3,0.9480263157894736,0.947964102916613,0.9480263157894736,0.9481108881962984,0.9480263157894736,0.947964102916613,0.9481108881962984,0.9480263157894736,0.9479641029166131,0.1195098281027128,0.9588,0.1708151144044179,0.9480263157894736,0.947964102916613,2,0.1652217037622866,0.9485526315789472,0.9485439494885972,15607.71640586853
roberta_ag_news_cobyla_0.0001_16_20251128_122304,roberta_ag_news_cobyla_0.0001_16_20251128_122304,ag_news,roberta,cobyla,42,0.0001,16,3,0.5594736842105263,0.5309066788900046,0.5594736842105263,0.62970184114069,0.5594736842105263,0.5309066788900046,0.6297018411406899,0.5594736842105263,0.5309066788900045,1.3794636798540751,0.3126083333333333,1.375649939085308,0.5594736842105263,0.5309066788900046,3,1.375649939085308,0.5594736842105263,0.5309066788900046,14765.782616615295
roberta_ag_news_qng_1e-05_16_20251128_204811,roberta_ag_news_qng_1e-05_16_20251128_204811,ag_news,roberta,qng,42,1e-05,16,3,0.9510526315789474,0.951004550570922,0.9510526315789474,0.9511540989218512,0.9510526315789474,0.951004550570922,0.9511540989218512,0.9510526315789474,0.951004550570922,0.1187946332771331,0.95875,0.1553494368371014,0.9510526315789474,0.951004550570922,3,0.1553494368371014,0.9510526315789474,0.951004550570922,15688.920411109924
roberta_ag_news_qpso_3e-05_16_20251128_162923,roberta_ag_news_qpso_3e-05_16_20251128_162923,ag_news,roberta,qpso,42,3e-05,16,3,0.9348684210526316,0.9347963300214294,0.9348684210526316,0.9369882539363514,0.9348684210526316,0.9347963300214294,0.9369882539363515,0.9348684210526316,0.9347963300214291,0.1697501731680706,0.9460666666666666,0.2181199312053228,0.9348684210526316,0.9347963300214294,2,0.2042563272698929,0.935,0.9348645067832744,15513.394697904589
roberta_ag_news_rmsprop_0.0001_16_20251128_035322,roberta_ag_news_rmsprop_0.0001_16_20251128_035322,ag_news,roberta,rmsprop,42,0.0001,16,3,0.25,0.1,0.25,0.0625,0.25,0.1,0.0625,0.25,0.1,1.3877831737359363,0.251475,1.3865591955184935,0.25,0.1,1,1.3867129910619636,0.25,0.1,15320.860897541046
roberta_ag_news_sgd_0.001_16_20251127_233811,roberta_ag_news_sgd_0.001_16_20251127_233811,ag_news,roberta,sgd,42,0.001,16,3,0.9447368421052632,0.9446746456295076,0.9447368421052632,0.9447572617963038,0.9447368421052632,0.9446746456295076,0.9447572617963036,0.9447368421052632,0.9446746456295076,0.1566680893079998,0.946475,0.1763658184136607,0.9447368421052632,0.9446746456295076,3,0.1763658184136607,0.9447368421052632,0.9446746456295076,15299.369178056715
roberta_imdb_adagrad_0.001_16_20251129_222108,roberta_imdb_adagrad_0.001_16_20251129_222108,imdb,roberta,adagrad,42,0.001,16,3,0.5,0.3333333333333333,0.5,0.25,0.5,0.3333333333333333,0.25,0.5,0.3333333333333332,0.694074106155415,0.5,0.6932335123753441,0.5,0.3333333333333333,1,0.6934833454917961,0.5,0.3333333333333333,5007.637543201447
roberta_imdb_adamw_2e-05_16_20251129_180102,roberta_imdb_adamw_2e-05_16_20251129_180102,imdb,roberta,adamw,42,2e-05,16,3,0.93168,0.9316320610575456,0.93168,0.9328941649306616,0.93168,0.9316320610575456,0.9328941649306616,0.93168,0.9316320610575458,0.0906017956982938,0.9684,0.2202440433100122,0.93168,0.9316320610575456,1,0.1633910062992188,0.93808,0.9380790484978908,5150.599863529205
roberta_imdb_adam_2e-05_16_20251129_163328,roberta_imdb_adam_2e-05_16_20251129_163328,imdb,roberta,adam,42,2e-05,16,3,0.9306,0.9305431871053248,0.9306,0.9320134789810696,0.9306,0.9305431871053248,0.9320134789810692,0.9306,0.9305431871053248,0.0871883113166914,0.96872,0.2255031560704136,0.9306,0.9305431871053248,1,0.1686311074129174,0.9352,0.9351835725097916,5116.921140432358
roberta_imdb_cobyla_0.0001_16_20251129_234656,roberta_imdb_cobyla_0.0001_16_20251129_234656,imdb,roberta,cobyla,42,0.0001,16,3,0.50008,0.334432800501258,0.50008,0.5178771652822589,0.50008,0.334432800501258,0.5178771652822589,0.50008,0.334432800501258,0.6941772952189601,0.50264,0.6931793692397217,0.50008,0.334432800501258,3,0.6931793692397217,0.50008,0.334432800501258,4960.497183799744
roberta_imdb_qng_1e-05_16_20251130_023949,roberta_imdb_qng_1e-05_16_20251130_023949,imdb,roberta,qng,42,1e-05,16,3,0.94312,0.943119474332934,0.94312,0.9431363811567204,0.94312,0.943119474332934,0.9431363811567204,0.94312,0.943119474332934,0.1102359473308451,0.96044,0.1771264825746109,0.94312,0.943119474332934,3,0.1771264825746109,0.94312,0.943119474332934,5132.977820158005
roberta_imdb_qpso_3e-05_16_20251130_011154,roberta_imdb_qpso_3e-05_16_20251130_011154,imdb,roberta,qpso,42,3e-05,16,3,0.92756,0.9275560329683652,0.92756,0.927653673260591,0.92756,0.9275560329683652,0.9276536732605908,0.92756,0.9275560329683652,0.1273626402176568,0.95424,0.2305736953600578,0.92756,0.9275560329683652,3,0.2305736953600578,0.92756,0.9275560329683652,5138.329941511154
roberta_imdb_rmsprop_0.0001_16_20251129_205536,roberta_imdb_rmsprop_0.0001_16_20251129_205536,imdb,roberta,rmsprop,42,0.0001,16,3,0.5,0.3333333333333333,0.5,0.25,0.5,0.3333333333333333,0.25,0.5,0.3333333333333332,0.6954968573569641,0.49304,0.6932541313113422,0.5,0.3333333333333333,1,0.6931476223873009,0.5,0.3333333333333333,4996.194522380829
roberta_imdb_sgd_0.001_16_20251129_192909,roberta_imdb_sgd_0.001_16_20251129_192909,imdb,roberta,sgd,42,0.001,16,3,0.9212,0.9211674498508452,0.9212,0.921896808819656,0.9212,0.9211674498508452,0.921896808819656,0.9212,0.9211674498508452,0.1859034673171982,0.92768,0.2018415420666225,0.9212,0.9211674498508452,3,0.2018415420666225,0.9212,0.9211674498508452,5047.170173406601
roberta_sst2_adagrad_0.001_16_20251201_020639,roberta_sst2_adagrad_0.001_16_20251201_020639,sst2,roberta,adagrad,42,0.001,16,3,0.5091743119266054,0.3373860182370821,0.5091743119266054,0.2545871559633027,0.5,0.3373860182370821,0.2592584799259321,0.5091743119266054,0.3435765873790469,0.6866054466529583,0.5569793166936405,0.6974431601437655,0.5091743119266054,0.3373860182370821,1,0.6970459699630738,0.5091743119266054,0.3373860182370821,8460.038666248322
roberta_sst2_adamw_2e-05_16_20251130_190049,roberta_sst2_adamw_2e-05_16_20251130_190049,sst2,roberta,adamw,42,2e-05,16,3,0.9220183486238532,0.9220117845117846,0.9220183486238532,0.9229245680573114,0.922497263618759,0.9220117845117846,0.9233776777740405,0.9220183486238532,0.921998656287647,0.1074071201129159,0.9620038901839671,0.2465624652929942,0.9220183486238532,0.9220117845117846,1,0.1695817855948751,0.948394495412844,0.9483699835399718,8635.199483633041
roberta_sst2_adam_2e-05_16_20251130_163731,roberta_sst2_adam_2e-05_16_20251130_163731,sst2,roberta,adam,42,2e-05,16,3,0.9380733944954128,0.9380616647374512,0.9380733944954128,0.9380260942760944,0.9381367348657068,0.9380616647374512,0.9381206947147316,0.9380733944954128,0.9380773044147334,0.1058094043485961,0.9625681153395004,0.1933585090446286,0.9380733944954128,0.9380616647374512,1,0.1697640780698169,0.9403669724770642,0.9403468889450198,8585.711157083511
roberta_sst2_cobyla_0.0001_16_20251201_042756,roberta_sst2_cobyla_0.0001_16_20251201_042756,sst2,roberta,cobyla,42,0.0001,16,3,0.5091743119266054,0.3373860182370821,0.5091743119266054,0.2545871559633027,0.5,0.3373860182370821,0.2592584799259321,0.5091743119266054,0.3435765873790469,0.6881420974210436,0.5576920221532614,0.6956195625391873,0.5091743119266054,0.3373860182370821,1,0.6943994587117975,0.5091743119266054,0.3373860182370821,8113.481318235397
roberta_sst2_qng_1e-05_16_20251201_090556,roberta_sst2_qng_1e-05_16_20251201_090556,sst2,roberta,qng,42,1e-05,16,3,0.9461009174311926,0.946063393673793,0.9461009174311926,0.9463135497258666,0.9459354214027113,0.946063393673793,0.9462001458353738,0.9461009174311926,0.9460894971572016,0.1165705358346309,0.9577425054566512,0.1766328298783099,0.9461009174311926,0.946063393673793,1,0.1659938031976873,0.9461009174311926,0.94609517521304,8586.111800193787
roberta_sst2_qpso_3e-05_16_20251201_064324,roberta_sst2_qpso_3e-05_16_20251201_064324,sst2,roberta,qpso,42,3e-05,16,3,0.8818807339449541,0.8817113243205869,0.8818807339449541,0.8861582145795186,0.8828723583396481,0.8817113243205869,0.8869928449472385,0.8818807339449541,0.8816291863208936,0.1485576288717093,0.948536726603216,0.3746969200670719,0.8818807339449541,0.8817113243205869,1,0.2085942168127406,0.9197247706422018,0.9197142120575996,8538.914613723755
roberta_sst2_rmsprop_0.0001_16_20251130_234530,roberta_sst2_rmsprop_0.0001_16_20251130_234530,sst2,roberta,rmsprop,42,0.0001,16,3,0.5091743119266054,0.3373860182370821,0.5091743119266054,0.2545871559633027,0.5,0.3373860182370821,0.2592584799259321,0.5091743119266054,0.3435765873790469,0.6876368809765705,0.5563853954772899,0.694731202992526,0.5091743119266054,0.3373860182370821,1,0.6940346609462391,0.5091743119266054,0.3373860182370821,8456.134744644165
roberta_sst2_sgd_0.001_16_20251130_212459,roberta_sst2_sgd_0.001_16_20251130_212459,sst2,roberta,sgd,42,0.001,16,3,0.9059633027522936,0.9057843834822252,0.9059633027522936,0.9072601957758092,0.9054685526648144,0.9057843834822252,0.906914357636205,0.9059633027522936,0.9058597179117276,0.1654700557188066,0.937875840769722,0.2942215853370726,0.9059633027522936,0.9057843834822252,1,0.2550006422468207,0.9128440366972476,0.9126008218730052,8415.195845365524
distilbert_ag_news_adagrad_0.001_16_20251202_205913,distilbert_ag_news_adagrad_0.001_16_20251202_205913,ag_news,distilbert,adagrad,1337,0.001,16,3,0.9405263157894737,0.9406576556833666,0.9405263157894737,0.940833595376369,0.9405263157894737,0.9406576556833666,0.9408335953763688,0.9405263157894737,0.9406576556833666,0.1044123878974157,0.9638416666666668,0.179336366485069,0.9405263157894737,0.9406576556833666,2,0.1755299066127228,0.940657894736842,0.9406139594709486,8078.375703811645
distilbert_ag_news_adamw_2e-05_16_20251202_141141,distilbert_ag_news_adamw_2e-05_16_20251202_141141,ag_news,distilbert,adamw,1337,2e-05,16,3,0.941842105263158,0.9418830581184576,0.941842105263158,0.9428585080362633,0.941842105263158,0.9418830581184576,0.9428585080362633,0.941842105263158,0.9418830581184576,0.0872260422778005,0.9699333333333332,0.1798024849211306,0.941842105263158,0.9418830581184576,2,0.159032795066259,0.9463157894736842,0.9462028894979548,8298.067588806152
distilbert_ag_news_adam_2e-05_16_20251202_115430,distilbert_ag_news_adam_2e-05_16_20251202_115430,ag_news,distilbert,adam,1337,2e-05,16,3,0.9398684210526316,0.9399378496772424,0.9398684210526316,0.9413588628073772,0.9398684210526316,0.9399378496772424,0.941358862807377,0.9398684210526316,0.9399378496772424,0.0885620863131092,0.9693083333333332,0.1841408852716957,0.9398684210526316,0.9399378496772424,2,0.165708660979167,0.9451315789473684,0.944913535297198,8217.978175878525
distilbert_ag_news_cobyla_0.0001_16_20251203_013727,distilbert_ag_news_cobyla_0.0001_16_20251203_013727,ag_news,distilbert,cobyla,1337,0.0001,16,3,0.8119736842105263,0.8104945061573579,0.8119736842105263,0.8151005991093536,0.8119736842105263,0.8104945061573579,0.8151005991093536,0.8119736842105263,0.8104945061573579,1.248637359714508,0.7256166666666667,1.178033202070939,0.8119736842105263,0.8104945061573579,3,1.178033202070939,0.8119736842105263,0.8104945061573579,7875.37482714653
distilbert_ag_news_qng_1e-05_16_20251203_060619,distilbert_ag_news_qng_1e-05_16_20251203_060619,ag_news,distilbert,qng,1337,1e-05,16,3,0.9378947368421052,0.9381018343448468,0.9378947368421052,0.9402649048233572,0.9378947368421052,0.9381018343448468,0.9402649048233572,0.9378947368421052,0.9381018343448466,0.1266028128682946,0.956975,0.1838625133934577,0.9378947368421052,0.9381018343448468,2,0.1688361844675321,0.9432894736842106,0.9432339871706764,8308.885031700134
distilbert_ag_news_qpso_3e-05_16_20251203_034852,distilbert_ag_news_qpso_3e-05_16_20251203_034852,ag_news,distilbert,qpso,1337,3e-05,16,3,0.9339473684210526,0.933946991436223,0.9339473684210526,0.9358435224152852,0.9339473684210526,0.933946991436223,0.9358435224152852,0.9339473684210526,0.933946991436223,0.0962614255696535,0.9675833333333334,0.2094939795070279,0.9339473684210526,0.933946991436223,2,0.183671921694063,0.9439473684210526,0.943858452669255,8235.54044508934
distilbert_ag_news_rmsprop_0.0001_16_20251202_184446,distilbert_ag_news_rmsprop_0.0001_16_20251202_184446,ag_news,distilbert,rmsprop,1337,0.0001,16,3,0.933157894736842,0.9332084827221316,0.933157894736842,0.9334921369888304,0.933157894736842,0.9332084827221316,0.9334921369888304,0.933157894736842,0.9332084827221316,0.1780825671698277,0.9447916666666668,0.2341707927233686,0.933157894736842,0.9332084827221316,2,0.2108317080684202,0.9365789473684212,0.9364894133318868,8057.817608833313
distilbert_ag_news_sgd_0.001_16_20251202_163009,distilbert_ag_news_sgd_0.001_16_20251202_163009,ag_news,distilbert,sgd,1337,0.001,16,3,0.9401315789473684,0.9403990426372272,0.9401315789473684,0.9423044465759988,0.9401315789473684,0.9403990426372272,0.9423044465759988,0.9401315789473684,0.9403990426372274,0.1267031710993498,0.95625,0.185830359876548,0.9401315789473684,0.9403990426372272,2,0.1690815873512704,0.9419736842105264,0.9419645788810748,8064.566434860229
distilbert_ag_news_spsa_0.001_16_20251202_231403,distilbert_ag_news_spsa_0.001_16_20251202_231403,ag_news,distilbert,spsa,1337,0.001,16,3,0.675921052631579,0.6787509261416089,0.675921052631579,0.7092714682834178,0.675921052631579,0.6787509261416089,0.7092714682834179,0.675921052631579,0.6787509261416088,1.331465266561508,0.5376583333333333,1.3182052444156849,0.675921052631579,0.6787509261416089,3,1.3182052444156849,0.675921052631579,0.6787509261416089,8593.082878112793
distilbert_imdb_adagrad_0.001_16_20251205_121714,distilbert_imdb_adagrad_0.001_16_20251205_121714,imdb,distilbert,adagrad,1337,0.001,16,3,0.8524,0.8520693159856434,0.8524,0.855579446906753,0.8524,0.8520693159856434,0.855579446906753,0.8524,0.8520693159856433,0.2914973193194457,0.88232,0.3471727571602117,0.8524,0.8520693159856434,3,0.3471727571602117,0.8524,0.8520693159856434,3225.8506774902344
distilbert_imdb_adamw_2e-05_16_20251205_093446,distilbert_imdb_adamw_2e-05_16_20251205_093446,imdb,distilbert,adamw,1337,2e-05,16,3,0.90784,0.9078016307266432,0.90784,0.9085200387973836,0.90784,0.9078016307266432,0.9085200387973836,0.90784,0.9078016307266432,0.0900008773551246,0.96892,0.2855691392915693,0.90784,0.9078016307266432,2,0.2376625207814394,0.908,0.907903797928209,3264.803379535675
distilbert_imdb_adam_2e-05_16_20251205_084003,distilbert_imdb_adam_2e-05_16_20251205_084003,imdb,distilbert,adam,1337,2e-05,16,3,0.9034,0.9032448820400784,0.9034,0.9060036226296224,0.9034,0.9032448820400784,0.9060036226296224,0.9034,0.9032448820400784,0.0900302971549384,0.96876,0.2865147915627373,0.9034,0.9032448820400784,2,0.2410222019035529,0.9068,0.9066635142809404,3271.3968362808228
distilbert_imdb_cobyla_0.0001_16_20251205_140605,distilbert_imdb_cobyla_0.0001_16_20251205_140605,imdb,distilbert,cobyla,1337,0.0001,16,3,0.50596,0.3517634556413512,0.50596,0.622844029569102,0.50596,0.3517634556413512,0.6228440295691021,0.50596,0.3517634556413512,0.6926616340665884,0.50932,0.6912671615508452,0.50596,0.3517634556413512,3,0.6912671615508452,0.50596,0.3517634556413512,3188.114289999008
distilbert_imdb_qng_1e-05_16_20251205_155350,distilbert_imdb_qng_1e-05_16_20251205_155350,imdb,distilbert,qng,1337,1e-05,16,3,0.90936,0.9093151456749976,0.90936,0.9101715121958028,0.90936,0.9093151456749976,0.9101715121958026,0.90936,0.9093151456749976,0.1624247648956412,0.9398,0.2317017651394233,0.90936,0.9093151456749976,3,0.2317017651394233,0.90936,0.9093151456749976,3269.201009511948
distilbert_imdb_qpso_3e-05_16_20251205_145923,distilbert_imdb_qpso_3e-05_16_20251205_145923,imdb,distilbert,qpso,1337,3e-05,16,3,0.8968,0.8966495024937786,0.8968,0.8991247991404447,0.8968,0.8966495024937786,0.8991247991404449,0.8968,0.8966495024937787,0.0777209480987639,0.9732,0.2973840823744126,0.8968,0.8966495024937786,2,0.2426188552130361,0.9082,0.9081782235474964,3257.301445007324
distilbert_imdb_rmsprop_0.0001_16_20251205_112326,distilbert_imdb_rmsprop_0.0001_16_20251205_112326,imdb,distilbert,rmsprop,1337,0.0001,16,3,0.5,0.3333333333333333,0.5,0.25,0.5,0.3333333333333333,0.25,0.5,0.3333333333333332,0.6943871625249232,0.50104,0.696385588122726,0.5,0.3333333333333333,1,0.6965432919452226,0.5,0.3333333333333333,3218.5816333293915
distilbert_imdb_sgd_0.001_16_20251205_102922,distilbert_imdb_sgd_0.001_16_20251205_102922,imdb,distilbert,sgd,1337,0.001,16,3,0.90132,0.9011899424078912,0.90132,0.9034441145432636,0.90132,0.9011899424078912,0.9034441145432636,0.90132,0.9011899424078912,0.161908158983008,0.9394,0.2462139312940294,0.90132,0.9011899424078912,2,0.2270236402873357,0.90788,0.9078797522333816,3234.435486316681
distilbert_imdb_spsa_0.001_16_20251205_131110,distilbert_imdb_spsa_0.001_16_20251205_131110,imdb,distilbert,spsa,1337,0.001,16,3,0.5148,0.3887716548779782,0.5148,0.5844529943945854,0.5148,0.3887716548779782,0.5844529943945854,0.5148,0.3887716548779782,0.6919790401492298,0.52044,0.691388408381132,0.5148,0.3887716548779782,3,0.691388408381132,0.5148,0.3887716548779782,3284.930147409439
distilbert_sst2_adagrad_0.001_16_20251206_134855,distilbert_sst2_adagrad_0.001_16_20251206_134855,sst2,distilbert,adagrad,1337,0.001,16,3,0.8577981651376146,0.857606405394016,0.8577981651376146,0.8583790628957366,0.8574134882546098,0.857606405394016,0.8581854303096959,0.8577981651376146,0.8577022852658153,0.102314823228399,0.964112310502012,0.4265559005127711,0.8577981651376146,0.857606405394016,3,0.4265559005127711,0.8577981651376146,0.857606405394016,4455.631024360657
distilbert_sst2_adamw_2e-05_16_20251206_100332,distilbert_sst2_adamw_2e-05_16_20251206_100332,sst2,distilbert,adamw,1337,2e-05,16,3,0.9185779816513762,0.918397581135174,0.9185779816513762,0.9202913119619908,0.9180243327439588,0.918397581135174,0.9198759591594176,0.9185779816513762,0.9184679813366188,0.0760846549067552,0.9736150499636224,0.2722165988927538,0.9185779816513762,0.918397581135174,3,0.2722165988927538,0.9185779816513762,0.918397581135174,4580.201314926148
distilbert_sst2_adam_2e-05_16_20251206_084723,distilbert_sst2_adam_2e-05_16_20251206_084723,sst2,distilbert,adam,1337,2e-05,16,3,0.9174311926605504,0.9172391974901796,0.9174311926605504,0.9192653752514026,0.9168561084448934,0.9172391974901796,0.9188338028770844,0.9174311926605504,0.9173123385074636,0.0758989783913127,0.9733923295074908,0.2804773577404293,0.9174311926605504,0.9172391974901796,3,0.2804773577404293,0.9174311926605504,0.9172391974901796,4559.555353879929
distilbert_sst2_cobyla_0.0001_16_20251206_162257,distilbert_sst2_cobyla_0.0001_16_20251206_162257,sst2,distilbert,cobyla,1337,0.0001,16,3,0.5091743119266054,0.3373860182370821,0.5091743119266054,0.2545871559633027,0.5,0.3373860182370821,0.2592584799259321,0.5091743119266054,0.3435765873790469,0.6845828548321531,0.5590134968596415,0.6907472382892262,0.5091743119266054,0.3373860182370821,1,0.6907519058747725,0.5229357798165137,0.4036469806866529,4324.078478574753
distilbert_sst2_qng_1e-05_16_20251206_185043,distilbert_sst2_qng_1e-05_16_20251206_185043,sst2,distilbert,qng,1337,1e-05,16,3,0.9059633027522936,0.9058201225455332,0.9059633027522936,0.9068630556435436,0.9055527490106928,0.9058201225455332,0.906586208600082,0.9059633027522936,0.9058875014663617,0.1085447664995901,0.962018738214376,0.2790293270891363,0.9059633027522936,0.9058201225455332,1,0.2396727841008793,0.9151376146788992,0.9151014393600504,4564.61150097847
distilbert_sst2_qpso_3e-05_16_20251206_173510,distilbert_sst2_qpso_3e-05_16_20251206_173510,sst2,distilbert,qpso,1337,3e-05,16,3,0.9002293577981652,0.9001031045938825,0.9002293577981652,0.9008609093354856,0.8998800202071231,0.9001031045938825,0.9006412392355481,0.9002293577981652,0.9001682675380284,0.0803269204061291,0.9718184382841616,0.3098950661041519,0.9002293577981652,0.9001031045938825,3,0.3098950661041519,0.9002293577981652,0.9001031045938825,4522.838215827942
distilbert_sst2_rmsprop_0.0001_16_20251206_123441,distilbert_sst2_rmsprop_0.0001_16_20251206_123441,sst2,distilbert,rmsprop,1337,0.0001,16,3,0.8222477064220184,0.8220771271169149,0.8222477064220184,0.8224602735394102,0.8219563020964891,0.8220771271169149,0.8223707715952452,0.8222477064220184,0.8221782111495688,0.2187627008375037,0.92020668458329,0.4604266440326517,0.8222477064220184,0.8220771271169149,3,0.4604266440326517,0.8222477064220184,0.8220771271169149,4445.609906435013
distilbert_sst2_sgd_0.001_16_20251206_112003,distilbert_sst2_sgd_0.001_16_20251206_112003,sst2,distilbert,sgd,1337,0.001,16,3,0.9002293577981652,0.8998594198594199,0.9002293577981652,0.90358162608802,0.8994169403047908,0.8998594198594199,0.9029856672809348,0.9002293577981652,0.8999710992371542,0.1080265552322037,0.96124664063312,0.2957753380591219,0.9002293577981652,0.8998594198594199,1,0.2475174401463432,0.904816513761468,0.9047713029737258,4466.262080192566
distilbert_sst2_spsa_0.001_16_20251206_150320,distilbert_sst2_spsa_0.001_16_20251206_150320,sst2,distilbert,spsa,1337,0.001,16,3,0.5091743119266054,0.3373860182370821,0.5091743119266054,0.2545871559633027,0.5,0.3373860182370821,0.2592584799259321,0.5091743119266054,0.3435765873790469,0.6862731129851307,0.5563408513860636,0.6935268803076311,0.5091743119266054,0.3373860182370821,1,0.6925955306399952,0.5091743119266054,0.3415198735320687,4766.035845041275
lstm_ag_news_adagrad_0.001_16_20251205_032356,lstm_ag_news_adagrad_0.001_16_20251205_032356,ag_news,lstm,adagrad,1337,0.001,16,8,0.8778947368421053,0.8777013047840295,0.8778947368421053,0.8776706886034218,0.8778947368421053,0.8777013047840295,0.877670688603422,0.8778947368421053,0.8777013047840295,0.3170529936638971,0.8904666666666666,0.3514192607998848,0.8778947368421053,0.8777013047840295,8,0.3514192607998848,0.8778947368421053,0.8777013047840295,3683.895125150681
lstm_ag_news_adamw_2e-05_16_20251205_001910,lstm_ag_news_adamw_2e-05_16_20251205_001910,ag_news,lstm,adamw,1337,2e-05,16,8,0.8888157894736842,0.8887080223472632,0.8888157894736842,0.8908862066258065,0.8888157894736841,0.8887080223472632,0.8908862066258064,0.8888157894736842,0.8887080223472632,0.2451071955682089,0.9153833333333332,0.3206179531114666,0.8888157894736842,0.8887080223472632,7,0.3120996059908679,0.8944736842105263,0.8942668158331613,3725.550896167755
lstm_ag_news_adam_2e-05_16_20251204_231711,lstm_ag_news_adam_2e-05_16_20251204_231711,ag_news,lstm,adam,1337,2e-05,16,8,0.8894736842105263,0.8894345628630281,0.8894736842105263,0.8913673187221997,0.8894736842105263,0.8894345628630281,0.8913673187221997,0.8894736842105263,0.8894345628630282,0.243500935845077,0.9162916666666666,0.3187996285487162,0.8894736842105263,0.8894345628630281,7,0.3118730609236579,0.895,0.8947666927172729,3714.4245212078094
lstm_ag_news_cobyla_0.0001_16_20251205_053504,lstm_ag_news_cobyla_0.0001_16_20251205_053504,ag_news,lstm,cobyla,1337,0.0001,16,8,0.2506578947368421,0.1415840998199795,0.2506578947368421,0.2514648852403073,0.2506578947368421,0.1415840998199795,0.2514648852403073,0.2506578947368421,0.1415840998199795,1.3863565679550172,0.2534583333333333,1.3861361669239245,0.2506578947368421,0.1415840998199795,7,1.3861522604289809,0.2519736842105263,0.1375233045752781,3611.049154758453
lstm_ag_news_qng_1e-05_16_20251205_073730,lstm_ag_news_qng_1e-05_16_20251205_073730,ag_news,lstm,qng,1337,1e-05,16,8,0.8426315789473684,0.8417010846775056,0.8426315789473684,0.8416825828116079,0.8426315789473684,0.8417010846775056,0.8416825828116079,0.8426315789473684,0.8417010846775055,0.4588758211970329,0.8352666666666667,0.449072203981249,0.8426315789473684,0.8417010846775056,8,0.449072203981249,0.8426315789473684,0.8417010846775056,3748.886819601059
lstm_ag_news_qpso_3e-05_16_20251205_063519,lstm_ag_news_qpso_3e-05_16_20251205_063519,ag_news,lstm,qpso,1337,3e-05,16,8,0.905,0.9048397696428524,0.905,0.9048145273856,0.905,0.9048397696428524,0.9048145273856,0.905,0.9048397696428524,0.1840845999485502,0.9373,0.2919499009543735,0.905,0.9048397696428524,8,0.2919499009543735,0.905,0.9048397696428524,3725.733421087265
lstm_ag_news_rmsprop_0.0001_16_20251205_022232,lstm_ag_news_rmsprop_0.0001_16_20251205_022232,ag_news,lstm,rmsprop,1337,0.0001,16,8,0.904342105263158,0.9040094349833844,0.904342105263158,0.9059348611507234,0.9043421052631578,0.9040094349833844,0.9059348611507234,0.904342105263158,0.9040094349833844,0.1445598755983946,0.951275,0.3045307264614262,0.904342105263158,0.9040094349833844,7,0.2717416330966118,0.9140789473684212,0.9141213585144148,3678.5589826107034
lstm_ag_news_sgd_0.001_16_20251205_012120,lstm_ag_news_sgd_0.001_16_20251205_012120,ag_news,lstm,sgd,1337,0.001,16,8,0.8897368421052632,0.8890392888416524,0.8897368421052632,0.8920224216291013,0.8897368421052632,0.8890392888416524,0.8920224216291013,0.8897368421052632,0.8890392888416524,0.2613606232626984,0.9118833333333334,0.338485184560873,0.8897368421052632,0.8890392888416524,8,0.338485184560873,0.8897368421052632,0.8890392888416524,3668.552865743637
lstm_ag_news_spsa_0.001_16_20251205_042524,lstm_ag_news_spsa_0.001_16_20251205_042524,ag_news,lstm,spsa,1337,0.001,16,8,0.2510526315789473,0.1180557399869656,0.2510526315789473,0.2638157661164193,0.2510526315789473,0.1180557399869656,0.2638157661164193,0.2510526315789473,0.1180557399869656,1.3864764227867126,0.253825,1.3862633690081143,0.2510526315789473,0.1180557399869656,1,1.386285413691872,0.2514473684210526,0.1141896908944167,4173.780179023743
lstm_imdb_adagrad_0.001_16_20251206_070902,lstm_imdb_adagrad_0.001_16_20251206_070902,imdb,lstm,adagrad,1337,0.001,16,8,0.7868,0.7844905162370942,0.7868,0.7996444266277066,0.7867999999999999,0.7844905162370942,0.7996444266277065,0.7868,0.7844905162370941,0.3856334865941729,0.83,0.457847684323883,0.7868,0.7844905162370942,7,0.4294013231396866,0.80476,0.8044969658385712,1146.2671463489532
lstm_imdb_adamw_2e-05_16_20251206_061121,lstm_imdb_adamw_2e-05_16_20251206_061121,imdb,lstm,adamw,1337,2e-05,16,8,0.78844,0.785884883464514,0.78844,0.8028984041233661,0.78844,0.785884883464514,0.8028984041233661,0.78844,0.785884883464514,0.395560376879998,0.82536,0.4594967338820813,0.78844,0.785884883464514,7,0.4512332669546874,0.79636,0.7949170663388352,1147.9341969490051
lstm_imdb_adam_2e-05_16_20251206_055214,lstm_imdb_adam_2e-05_16_20251206_055214,imdb,lstm,adam,1337,2e-05,16,8,0.78788,0.7854046946557272,0.78788,0.8018049926270177,0.7878799999999999,0.7854046946557272,0.8018049926270178,0.78788,0.785404694655727,0.3972700392482987,0.82388,0.4605854934990711,0.78788,0.7854046946557272,7,0.4563827445839012,0.7936,0.791862751316531,1141.0701794624329
lstm_imdb_cobyla_0.0001_16_20251206_074918,lstm_imdb_cobyla_0.0001_16_20251206_074918,imdb,lstm,cobyla,1337,0.0001,16,8,0.50024,0.4546818763686594,0.50024,0.50036045587922,0.50024,0.4546818763686594,0.50036045587922,0.50024,0.4546818763686594,0.6936709871295165,0.4956,0.6933651837643644,0.50024,0.4546818763686594,1,0.6933750783642056,0.50152,0.4480374578948516,1145.159078836441
lstm_imdb_qng_1e-05_16_20251206_082756,lstm_imdb_qng_1e-05_16_20251206_082756,imdb,lstm,qng,1337,1e-05,16,8,0.64788,0.6474676640786129,0.64788,0.648575117602209,0.64788,0.6474676640786129,0.648575117602209,0.64788,0.6474676640786129,0.6368517753068103,0.63604,0.6227007730794273,0.64788,0.6474676640786129,8,0.6227007730794273,0.64788,0.6474676640786129,1163.35178232193
lstm_imdb_qpso_3e-05_16_20251206_080828,lstm_imdb_qpso_3e-05_16_20251206_080828,imdb,lstm,qpso,1337,3e-05,16,8,0.7844,0.7833794029747938,0.7844,0.7898626938927843,0.7844,0.7833794029747938,0.7898626938927843,0.7844,0.7833794029747939,0.4451049413062484,0.79724,0.4718473181605186,0.7844,0.7833794029747938,7,0.4576998636131285,0.7884,0.7883546381342494,1162.7928669452667
lstm_imdb_rmsprop_0.0001_16_20251206_064947,lstm_imdb_rmsprop_0.0001_16_20251206_064947,imdb,lstm,rmsprop,1337,0.0001,16,8,0.7722,0.7721962818788344,0.7722,0.7722177721183576,0.7722,0.7721962818788344,0.7722177721183575,0.7722,0.7721962818788343,0.4638208247058603,0.78408,0.4773660746503738,0.7722,0.7721962818788344,8,0.4773660746503738,0.7722,0.7721962818788344,1148.973624944687
lstm_imdb_sgd_0.001_16_20251206_063035,lstm_imdb_sgd_0.001_16_20251206_063035,imdb,lstm,sgd,1337,0.001,16,8,0.55776,0.548990796416397,0.55776,0.5626310724346639,0.55776,0.548990796416397,0.5626310724346639,0.55776,0.548990796416397,0.680972219466858,0.56468,0.6821983850925151,0.55776,0.548990796416397,8,0.6821983850925151,0.55776,0.548990796416397,1147.4243249893188
lstm_imdb_spsa_0.001_16_20251206_072815,lstm_imdb_spsa_0.001_16_20251206_072815,imdb,lstm,spsa,1337,0.001,16,8,0.49948,0.4328837789951322,0.49948,0.4990193890737204,0.49948,0.4328837789951322,0.4990193890737204,0.49948,0.4328837789951322,0.6933966256530332,0.50128,0.6933720743358707,0.49948,0.4328837789951322,1,0.6933841089827085,0.49952,0.4213629427391127,1258.4957892894745
lstm_sst2_adagrad_0.001_16_20251207_190736,lstm_sst2_adagrad_0.001_16_20251207_190736,sst2,lstm,adagrad,1337,0.001,16,8,0.786697247706422,0.7863330733722572,0.786697247706422,0.7905824829931973,0.7877199629536078,0.7863330733722572,0.7912888894089746,0.786697247706422,0.7861712181126285,0.2640195827294061,0.8936881022732335,0.5784482473676855,0.786697247706422,0.7863330733722572,8,0.5784482473676855,0.786697247706422,0.7863330733722572,1421.4541935920715
lstm_sst2_adamw_2e-05_16_20251207_175610,lstm_sst2_adamw_2e-05_16_20251207_175610,sst2,lstm,adamw,1337,2e-05,16,8,0.7821100917431193,0.7818852027382832,0.7821100917431193,0.7848093220338983,0.7829628694114675,0.7818852027382832,0.7854091509874048,0.7821100917431193,0.7817566947355198,0.2440000443900725,0.9016169505115148,0.6204196404327046,0.7821100917431193,0.7818852027382832,8,0.6204196404327046,0.7821100917431193,0.7818852027382832,1451.1565880775452
lstm_sst2_adam_2e-05_16_20251207_173207,lstm_sst2_adam_2e-05_16_20251207_173207,sst2,lstm,adam,1337,2e-05,16,8,0.7855504587155964,0.7853740462436114,0.7855504587155964,0.7878940991603485,0.7863412477898459,0.7853740462436114,0.7884622544196824,0.7855504587155964,0.7852611422615412,0.2433434646240393,0.9018099749068286,0.6193389112299139,0.7855504587155964,0.7853740462436114,8,0.6193389112299139,0.7855504587155964,0.7853740462436114,1438.5221779346466
lstm_sst2_cobyla_0.0001_16_20251207_195948,lstm_sst2_cobyla_0.0001_16_20251207_195948,sst2,lstm,cobyla,1337,0.0001,16,8,0.5091743119266054,0.3373860182370821,0.5091743119266054,0.2545871559633027,0.5,0.3373860182370821,0.2592584799259321,0.5091743119266054,0.3435765873790469,0.6900741881117968,0.5549599845580484,0.6936594540422613,0.5091743119266054,0.3373860182370821,4,0.693453311920166,0.5091743119266054,0.3373860182370821,1382.9800102710724
lstm_sst2_qng_1e-05_16_20251207_204658,lstm_sst2_qng_1e-05_16_20251207_204658,sst2,lstm,qng,1337,1e-05,16,8,0.7293577981651376,0.7292880182270701,0.7293577981651376,0.7292749658002736,0.7293087480003368,0.7292880182270701,0.7293854089534255,0.7293577981651376,0.7293677667277186,0.5054523329270424,0.7531811905150781,0.5641902083700353,0.7293577981651376,0.7292880182270701,8,0.5641902083700353,0.7293577981651376,0.7292880182270701,1449.219529390335
lstm_sst2_qpso_3e-05_16_20251207_202255,lstm_sst2_qpso_3e-05_16_20251207_202255,sst2,lstm,qpso,1337,3e-05,16,8,0.786697247706422,0.7863724730910873,0.786697247706422,0.7871713652201457,0.7862465269007326,0.7863724730910873,0.7870254829082307,0.786697247706422,0.786525308204186,0.1771914578015272,0.9315951239068138,0.6851608295332302,0.786697247706422,0.7863724730910873,7,0.6108139997178857,0.7924311926605505,0.7924309196812659,1438.874947309494
lstm_sst2_rmsprop_0.0001_16_20251207_184355,lstm_sst2_rmsprop_0.0001_16_20251207_184355,sst2,lstm,rmsprop,1337,0.0001,16,8,0.801605504587156,0.8015927189988623,0.801605504587156,0.8016281333017702,0.8017281299991581,0.8015927189988623,0.8018091630186838,0.801605504587156,0.8016219432006764,0.1304561055797116,0.9502887941914504,0.6029385447502136,0.801605504587156,0.8015927189988623,7,0.5556271334940737,0.8027522935779816,0.802518552069563,1416.841272354126
lstm_sst2_sgd_0.001_16_20251207_182025,lstm_sst2_sgd_0.001_16_20251207_182025,sst2,lstm,sgd,1337,0.001,16,8,0.7545871559633027,0.7525040319157966,0.7545871559633027,0.7673291216986926,0.7565252168055907,0.7525040319157966,0.7684874822200918,0.7545871559633027,0.7520874071062954,0.3902797053092449,0.8255207946665875,0.559181332859126,0.7545871559633027,0.7525040319157966,8,0.559181332859126,0.7545871559633027,0.7525040319157966,1405.755978822708
lstm_sst2_spsa_0.001_16_20251207_193121,lstm_sst2_spsa_0.001_16_20251207_193121,sst2,lstm,spsa,1337,0.001,16,8,0.5080275229357798,0.3368821292775665,0.5080275229357798,0.2543053960964408,0.4988738738738739,0.3368821292775665,0.2589715501532563,0.5080275229357798,0.3430634527505494,0.691218869051854,0.5440763782684227,0.6934621594168923,0.5080275229357798,0.3368821292775665,7,0.6934562336314808,0.5080275229357798,0.3368821292775665,1702.9532678127289
roberta_ag_news_adagrad_0.001_16_20251204_013418,roberta_ag_news_adagrad_0.001_16_20251204_013418,ag_news,roberta,adagrad,1337,0.001,16,3,0.25,0.1,0.25,0.0625,0.25,0.1,0.0625,0.25,0.1,1.387197154490153,0.2490916666666666,1.3867896373648392,0.25,0.1,1,1.3866072501634297,0.25,0.1,15322.989924669266
roberta_ag_news_adamw_2e-05_16_20251203_124550,roberta_ag_news_adamw_2e-05_16_20251203_124550,ag_news,roberta,adamw,1337,2e-05,16,3,0.9411842105263156,0.941300337035853,0.9411842105263156,0.9421652123177529,0.9411842105263156,0.941300337035853,0.942165212317753,0.9411842105263156,0.9413003370358533,0.1201838944980098,0.9579,0.1763192236261736,0.9411842105263156,0.941300337035853,2,0.1523514629733798,0.9492105263157896,0.949215463432465,15603.450941085815
roberta_ag_news_adam_2e-05_16_20251203_082457,roberta_ag_news_adam_2e-05_16_20251203_082457,ag_news,roberta,adam,1337,2e-05,16,3,0.9432894736842106,0.9433247377736136,0.9432894736842106,0.9440668260303688,0.9432894736842106,0.9433247377736136,0.9440668260303688,0.9432894736842106,0.9433247377736134,0.1198453468170017,0.95835,0.1751660389891874,0.9432894736842106,0.9433247377736136,2,0.159350326047524,0.9467105263157894,0.9466172458863468,15637.696096897123
roberta_ag_news_cobyla_0.0001_16_20251204_102643,roberta_ag_news_cobyla_0.0001_16_20251204_102643,ag_news,roberta,cobyla,1337,0.0001,16,3,0.7310526315789474,0.730720757976293,0.7310526315789474,0.7315624657152301,0.7310526315789474,0.730720757976293,0.7315624657152301,0.7310526315789474,0.730720757976293,1.3701046875476837,0.3712916666666667,1.3585403909181293,0.7310526315789474,0.730720757976293,3,1.3585403909181293,0.7310526315789474,0.730720757976293,14873.940258979796
roberta_ag_news_qng_1e-05_16_20251204_185521,roberta_ag_news_qng_1e-05_16_20251204_185521,ag_news,roberta,qng,1337,1e-05,16,3,0.9471052631578948,0.9472639482881569,0.9471052631578948,0.9482394999485212,0.9471052631578948,0.9472639482881569,0.9482394999485212,0.9471052631578948,0.9472639482881569,0.1201691214770699,0.9581666666666668,0.1615622372841952,0.9471052631578948,0.9472639482881569,2,0.1526257089540166,0.9505263157894736,0.9505226361488492,15693.294214248655
roberta_ag_news_qpso_3e-05_16_20251204_143450,roberta_ag_news_qpso_3e-05_16_20251204_143450,ag_news,roberta,qpso,1337,3e-05,16,3,0.9228947368421052,0.9226021807068808,0.9228947368421052,0.9263780787482306,0.9228947368421052,0.9226021807068808,0.9263780787482307,0.9228947368421052,0.9226021807068808,0.1591929803220555,0.9465083333333332,0.231758272657661,0.9228947368421052,0.9226021807068808,2,0.204046485046611,0.93,0.9300604271757484,15616.17154788971
roberta_ag_news_rmsprop_0.0001_16_20251203_211939,roberta_ag_news_rmsprop_0.0001_16_20251203_211939,ag_news,roberta,rmsprop,1337,0.0001,16,3,0.25,0.1,0.25,0.0625,0.25,0.1,0.0625,0.25,0.1,1.387818766673406,0.2482166666666666,1.387435494473106,0.25,0.1,1,1.3866271674005608,0.25,0.1,15261.617102861404
roberta_ag_news_sgd_0.001_16_20251203_170608,roberta_ag_news_sgd_0.001_16_20251203_170608,ag_news,roberta,sgd,1337,0.001,16,3,0.9380263157894736,0.9382276575713242,0.9380263157894736,0.9392873941213612,0.9380263157894736,0.9382276575713242,0.9392873941213612,0.9380263157894736,0.9382276575713242,0.156035643807395,0.9459583333333332,0.1817340822459051,0.9380263157894736,0.9382276575713242,2,0.1753352828078756,0.9427631578947367,0.942725628551636,15196.708457231522
roberta_ag_news_spsa_0.001_16_20251204_054957,roberta_ag_news_spsa_0.001_16_20251204_054957,ag_news,roberta,spsa,1337,0.001,16,3,0.3646052631578947,0.2795225885042187,0.3646052631578947,0.6245826457284851,0.3646052631578947,0.2795225885042187,0.6245826457284851,0.3646052631578947,0.2795225885042186,1.3781031847000125,0.320675,1.369614106981378,0.3646052631578947,0.2795225885042187,2,1.3761006443124069,0.4111842105263157,0.2973110323189991,16588.376667261124
roberta_imdb_adagrad_0.001_16_20251205_223640,roberta_imdb_adagrad_0.001_16_20251205_223640,imdb,roberta,adagrad,1337,0.001,16,3,0.5,0.3333333333333333,0.5,0.25,0.5,0.3333333333333333,0.25,0.5,0.3333333333333332,0.6941707207465584,0.50164,0.6949615166191863,0.5,0.3333333333333333,1,0.6933981129471797,0.5,0.3333333333333333,5061.60483455658
roberta_imdb_adamw_2e-05_16_20251205_181646,roberta_imdb_adamw_2e-05_16_20251205_181646,imdb,roberta,adamw,1337,2e-05,16,3,0.934,0.9339852257879078,0.934,0.9343888676944488,0.934,0.9339852257879078,0.9343888676944488,0.934,0.933985225787908,0.0963839455943415,0.96616,0.1849838754003769,0.934,0.9339852257879078,2,0.1735754710904716,0.93824,0.938210742935074,5118.499932765961
roberta_imdb_adam_2e-05_16_20251205_164829,roberta_imdb_adam_2e-05_16_20251205_164829,imdb,roberta,adam,1337,2e-05,16,3,0.93172,0.9316775713345352,0.93172,0.9327950740434778,0.93172,0.9316775713345352,0.932795074043478,0.93172,0.9316775713345352,0.0951204562204593,0.96672,0.2154473821553687,0.93172,0.9316775713345352,2,0.1945397429210232,0.93228,0.9322121382766224,5157.408946990967
roberta_imdb_cobyla_0.0001_16_20251206_013129,roberta_imdb_cobyla_0.0001_16_20251206_013129,imdb,roberta,cobyla,1337,0.0001,16,3,0.50008,0.3335821463950396,0.50008,0.6250200032005121,0.50008,0.3335821463950396,0.6250200032005121,0.50008,0.3335821463950397,0.6937138454241396,0.50428,0.6925010729964849,0.50008,0.3335821463950396,3,0.6925010729964849,0.50008,0.3335821463950396,4991.419918775559
roberta_imdb_qng_1e-05_16_20251206_042434,roberta_imdb_qng_1e-05_16_20251206_042434,imdb,roberta,qng,1337,1e-05,16,3,0.93984,0.9398360721137384,0.93984,0.9399548922843184,0.93984,0.9398360721137384,0.9399548922843184,0.93984,0.9398360721137384,0.1083297097916349,0.96156,0.1665396791757236,0.93984,0.9398360721137384,2,0.1599056860180279,0.94224,0.942232226768434,5122.573883533478
roberta_imdb_qpso_3e-05_16_20251206_025658,roberta_imdb_qpso_3e-05_16_20251206_025658,imdb,roberta,qpso,1337,3e-05,16,3,0.91856,0.9185052480442796,0.91856,0.9196878631198432,0.91856,0.9185052480442796,0.919687863119843,0.91856,0.9185052480442796,0.1217253037105104,0.95664,0.2161113378609413,0.91856,0.9185052480442796,2,0.2027215919712402,0.92752,0.9275159009952076,5119.960178375244
roberta_imdb_rmsprop_0.0001_16_20251205_211014,roberta_imdb_rmsprop_0.0001_16_20251205_211014,imdb,roberta,rmsprop,1337,0.0001,16,3,0.5,0.3333333333333333,0.5,0.25,0.5,0.3333333333333333,0.25,0.5,0.3333333333333332,0.6955644467360532,0.49896,0.6977475872042845,0.5,0.3333333333333333,1,0.6955987911001659,0.5,0.3333333333333333,5048.358866214752
roberta_imdb_sgd_0.001_16_20251205_194423,roberta_imdb_sgd_0.001_16_20251205_194423,imdb,roberta,sgd,1337,0.001,16,3,0.5,0.3333333333333333,0.5,0.25,0.5,0.3333333333333333,0.25,0.5,0.3333333333333332,0.6948287671220966,0.49376,0.6938686513092299,0.5,0.3333333333333333,1,0.6948789626989164,0.5,0.3333333333333333,5011.907794713974
roberta_imdb_spsa_0.001_16_20251206_000316,roberta_imdb_spsa_0.001_16_20251206_000316,imdb,roberta,spsa,1337,0.001,16,3,0.57808,0.5735166996531094,0.57808,0.5815711927561785,0.57808,0.5735166996531094,0.5815711927561785,0.57808,0.5735166996531094,0.6945904219142917,0.50712,0.6912895346481069,0.57808,0.5735166996531094,3,0.6912895346481069,0.57808,0.5735166996531094,5154.377492427826
roberta_sst2_adagrad_0.001_16_20251207_053726,roberta_sst2_adagrad_0.001_16_20251207_053726,sst2,roberta,adagrad,1337,0.001,16,3,0.5091743119266054,0.3373860182370821,0.5091743119266054,0.2545871559633027,0.5,0.3373860182370821,0.2592584799259321,0.5091743119266054,0.3435765873790469,0.6858283480102829,0.5557766262305305,0.716254426132549,0.5091743119266054,0.3373860182370821,1,0.7019479599866,0.5091743119266054,0.3373860182370821,8433.172347545624
roberta_sst2_adamw_2e-05_16_20251206_223037,roberta_sst2_adamw_2e-05_16_20251206_223037,sst2,roberta,adamw,1337,2e-05,16,3,0.9357798165137616,0.9357226723951836,0.9357798165137616,0.9361444259427102,0.93554769722994,0.9357226723951836,0.935982377307622,0.9357798165137616,0.935757838006616,0.1089230770976869,0.9615881453325216,0.2299909517084333,0.9357798165137616,0.9357226723951836,1,0.1876852795143019,0.9403669724770642,0.9403054239073196,8669.573778152466
roberta_sst2_adam_2e-05_16_20251206_200658,roberta_sst2_adam_2e-05_16_20251206_200658,sst2,roberta,adam,1337,2e-05,16,3,0.9346330275229358,0.9345020115620344,0.9346330275229358,0.9361857932164857,0.9341268838932392,0.9345020115620344,0.935785079489118,0.9346330275229358,0.93455576169984,0.1090867249142752,0.9620335862447846,0.2219866632695563,0.9346330275229358,0.9345020115620344,3,0.2219866632695563,0.9346330275229358,0.9345020115620344,8605.351857662201
roberta_sst2_cobyla_0.0001_16_20251207_102959,roberta_sst2_cobyla_0.0001_16_20251207_102959,sst2,roberta,cobyla,1337,0.0001,16,3,0.5091743119266054,0.3373860182370821,0.5091743119266054,0.2545871559633027,0.5,0.3373860182370821,0.2592584799259321,0.5091743119266054,0.3435765873790469,0.6878330223775533,0.5578256544269403,0.6950621984221719,0.5091743119266054,0.3373860182370821,1,0.6938425107435746,0.5091743119266054,0.3373860182370821,8128.198235273361
roberta_sst2_qng_1e-05_16_20251207_150836,roberta_sst2_qng_1e-05_16_20251207_150836,sst2,roberta,qng,1337,1e-05,16,3,0.9506880733944956,0.9506646509381952,0.9506880733944956,0.9507435188840636,0.9506083185989728,0.9506646509381952,0.9507031948916504,0.9506880733944956,0.9506843751119216,0.1185891139568792,0.9563913346894536,0.1879966285884041,0.9506880733944956,0.9506646509381952,3,0.1879966285884041,0.9506880733944956,0.9506646509381952,8595.676246643066
roberta_sst2_qpso_3e-05_16_20251207_124540,roberta_sst2_qpso_3e-05_16_20251207_124540,sst2,roberta,qpso,1337,3e-05,16,3,0.9208715596330276,0.9208539689429964,0.9208715596330276,0.92082169294632,0.9209080575903006,0.9208539689429964,0.920901479645052,0.9208715596330276,0.9208756190230348,0.1366563925423909,0.950823323286166,0.2730188893492926,0.9208715596330276,0.9208539689429964,3,0.2730188893492926,0.9208715596330276,0.9208539689429964,8561.4565513134
roberta_sst2_rmsprop_0.0001_16_20251207_031623,roberta_sst2_rmsprop_0.0001_16_20251207_031623,sst2,roberta,rmsprop,1337,0.0001,16,3,0.5091743119266054,0.3373860182370821,0.5091743119266054,0.2545871559633027,0.5,0.3373860182370821,0.2592584799259321,0.5091743119266054,0.3435765873790469,0.6878848651101074,0.5555390577439903,0.6995328177105297,0.5091743119266054,0.3373860182370821,1,0.6996049534190785,0.5091743119266054,0.3373860182370821,8446.669850111008
roberta_sst2_sgd_0.001_16_20251207_005521,roberta_sst2_sgd_0.001_16_20251207_005521,sst2,roberta,sgd,1337,0.001,16,3,0.9059633027522936,0.9059613239904888,0.9059633027522936,0.9065237533692724,0.9063526142965396,0.9059613239904888,0.9068973871139248,0.9059633027522936,0.9059534089432698,0.1681891612971263,0.9361237731814874,0.2846755873411893,0.9059633027522936,0.9059613239904888,3,0.2846755873411893,0.9059633027522936,0.9059613239904888,8444.571442604065
roberta_sst2_spsa_0.001_16_20251207_075812,roberta_sst2_spsa_0.001_16_20251207_075812,sst2,roberta,spsa,1337,0.001,16,3,0.5091743119266054,0.3373860182370821,0.5091743119266054,0.2545871559633027,0.5,0.3373860182370821,0.2592584799259321,0.5091743119266054,0.3435765873790469,0.6883616541315427,0.5553460333486763,0.6955342249436812,0.5091743119266054,0.3373860182370821,1,0.6951121655377475,0.5091743119266054,0.3373860182370821,9091.103070259094
distilbert_ag_news_adagrad_0.001_16_20251208_170755,distilbert_ag_news_adagrad_0.001_16_20251208_170755,ag_news,distilbert,adagrad,2025,0.001,16,3,0.9388157894736842,0.9388616560040396,0.9388157894736842,0.9389386396709344,0.9388157894736842,0.9388616560040396,0.9389386396709344,0.9388157894736842,0.9388616560040396,0.1333155569010724,0.9549833333333332,0.1917717272758876,0.9388157894736842,0.9388616560040396,3,0.1917717272758876,0.9388157894736842,0.9388616560040396,8057.847752571106
distilbert_ag_news_adamw_2e-05_16_20251208_101953,distilbert_ag_news_adamw_2e-05_16_20251208_101953,ag_news,distilbert,adamw,2025,2e-05,16,3,0.9434210526315788,0.9434514292229766,0.9434210526315788,0.9437274501182108,0.9434210526315788,0.9434514292229766,0.9437274501182108,0.9434210526315788,0.9434514292229766,0.0891660520689872,0.9691916666666668,0.1798866111484944,0.9434210526315788,0.9434514292229766,3,0.1798866111484944,0.9434210526315788,0.9434514292229766,8307.49023604393
distilbert_ag_news_adam_2e-05_16_20251208_080215,distilbert_ag_news_adam_2e-05_16_20251208_080215,ag_news,distilbert,adam,2025,2e-05,16,3,0.9467105263157894,0.9467607043800164,0.9467105263157894,0.9469868157111636,0.9467105263157894,0.9467607043800164,0.9469868157111636,0.9467105263157894,0.9467607043800164,0.0891370040957505,0.9694333333333334,0.1752751413428862,0.9467105263157894,0.9467607043800164,3,0.1752751413428862,0.9467105263157894,0.9467607043800164,8248.470863342285
distilbert_ag_news_cobyla_0.0001_16_20251208_214756,distilbert_ag_news_cobyla_0.0001_16_20251208_214756,ag_news,distilbert,cobyla,2025,0.0001,16,3,0.7497368421052631,0.7438341353489873,0.7497368421052631,0.7645663911333818,0.7497368421052633,0.7438341353489873,0.7645663911333819,0.7497368421052631,0.7438341353489875,1.270029982026418,0.6621166666666667,1.2147362565994262,0.7497368421052631,0.7438341353489873,3,1.2147362565994262,0.7497368421052631,0.7438341353489873,7888.889943599701
distilbert_ag_news_qng_1e-05_16_20251209_021721,distilbert_ag_news_qng_1e-05_16_20251209_021721,ag_news,distilbert,qng,2025,1e-05,16,3,0.9415789473684212,0.9417241682285088,0.9415789473684212,0.9424409691882824,0.9415789473684212,0.9417241682285088,0.9424409691882824,0.9415789473684212,0.9417241682285088,0.1260347754438407,0.9578333333333332,0.1706647172075157,0.9415789473684212,0.9417241682285088,2,0.1726450989532627,0.9432894736842106,0.943285543269501,8291.588252782822
distilbert_ag_news_qpso_3e-05_16_20251208_235937,distilbert_ag_news_qpso_3e-05_16_20251208_235937,ag_news,distilbert,qpso,2025,3e-05,16,3,0.9413157894736842,0.94146925351478,0.9413157894736842,0.9419855592085522,0.941315789473684,0.94146925351478,0.941985559208552,0.9413157894736842,0.94146925351478,0.0984790282175953,0.9670916666666668,0.1910217942078107,0.9413157894736842,0.94146925351478,3,0.1910217942078107,0.9413157894736842,0.94146925351478,8252.294906139374
distilbert_ag_news_rmsprop_0.0001_16_20251208_145325,distilbert_ag_news_rmsprop_0.0001_16_20251208_145325,ag_news,distilbert,rmsprop,2025,0.0001,16,3,0.9276315789473684,0.9275363030934138,0.9276315789473684,0.9279279640290056,0.9276315789473684,0.9275363030934138,0.9279279640290056,0.9276315789473684,0.9275363030934138,0.217857013682276,0.9331666666666668,0.2255588920610515,0.9276315789473684,0.9275363030934138,3,0.2255588920610515,0.9276315789473684,0.9275363030934138,8045.100876092911
distilbert_ag_news_sgd_0.001_16_20251208_123831,distilbert_ag_news_sgd_0.001_16_20251208_123831,ag_news,distilbert,sgd,2025,0.001,16,3,0.9430263157894736,0.943143772436884,0.9430263157894736,0.943323494207472,0.9430263157894736,0.943143772436884,0.943323494207472,0.9430263157894736,0.943143772436884,0.1251013221362761,0.9569916666666668,0.1677462826894694,0.9430263157894736,0.943143772436884,3,0.1677462826894694,0.9430263157894736,0.943143772436884,8083.646035671234
distilbert_ag_news_spsa_0.001_16_20251208_192222,distilbert_ag_news_spsa_0.001_16_20251208_192222,ag_news,distilbert,spsa,2025,0.001,16,3,0.5909210526315789,0.5451778655123787,0.5909210526315789,0.6309528117662037,0.5909210526315789,0.5451778655123787,0.6309528117662035,0.5909210526315789,0.5451778655123787,1.334653158076604,0.519425,1.3217989023108232,0.5909210526315789,0.5451778655123787,3,1.3217989023108232,0.5909210526315789,0.5451778655123787,8724.138369321823
distilbert_imdb_adagrad_0.001_16_20251211_083229,distilbert_imdb_adagrad_0.001_16_20251211_083229,imdb,distilbert,adagrad,2025,0.001,16,3,0.84824,0.8479380667986317,0.84824,0.8510279957672653,0.84824,0.8479380667986317,0.8510279957672653,0.84824,0.8479380667986316,0.226203842555731,0.9142,0.3560883185754143,0.84824,0.8479380667986317,2,0.3387852865697307,0.85364,0.8535376120111641,3223.821761608124
distilbert_imdb_adamw_2e-05_16_20251211_054939,distilbert_imdb_adamw_2e-05_16_20251211_054939,imdb,distilbert,adamw,2025,2e-05,16,3,0.90768,0.9076793169746586,0.90768,0.9076920650758972,0.90768,0.9076793169746586,0.907692065075897,0.90768,0.9076793169746588,0.0884341540694551,0.96916,0.2657784975239005,0.90768,0.9076793169746586,3,0.2657784975239005,0.90768,0.9076793169746586,3272.741044044494
distilbert_imdb_adam_2e-05_16_20251211_045517,distilbert_imdb_adam_2e-05_16_20251211_045517,imdb,distilbert,adam,2025,2e-05,16,3,0.9092,0.9091957018330288,0.9092,0.909277491617997,0.9092,0.9091957018330288,0.909277491617997,0.9092,0.9091957018330288,0.0886392713442768,0.96908,0.258053381943176,0.9092,0.9091957018330288,3,0.258053381943176,0.9092,0.9091957018330288,3253.582622528076
distilbert_imdb_cobyla_0.0001_16_20251211_102100,distilbert_imdb_cobyla_0.0001_16_20251211_102100,imdb,distilbert,cobyla,2025,0.0001,16,3,0.499,0.4800474992405206,0.499,0.4988293115308109,0.499,0.4800474992405206,0.4988293115308109,0.499,0.4800474992405205,0.693968602883381,0.4976,0.6934052628351188,0.499,0.4800474992405206,3,0.6934052628351188,0.499,0.4800474992405206,3195.973185300827
distilbert_imdb_qng_1e-05_16_20251211_120905,distilbert_imdb_qng_1e-05_16_20251211_120905,imdb,distilbert,qng,2025,1e-05,16,3,0.9042,0.9040576416497266,0.9042,0.9066133157376146,0.9042,0.9040576416497266,0.9066133157376144,0.9042,0.9040576416497264,0.1625814526082658,0.9396,0.242915894238246,0.9042,0.9040576416497266,2,0.2279929621922721,0.90836,0.908342544754223,3258.7651131153107
distilbert_imdb_qpso_3e-05_16_20251211_111427,distilbert_imdb_qpso_3e-05_16_20251211_111427,imdb,distilbert,qpso,2025,3e-05,16,3,0.89328,0.8930899711013376,0.89328,0.8960961894038255,0.8932800000000001,0.8930899711013376,0.8960961894038255,0.89328,0.8930899711013376,0.0779727927466612,0.97312,0.3536520436040168,0.89328,0.8930899711013376,1,0.2367718472566767,0.90332,0.9032753721852826,3267.4779703617096
distilbert_imdb_rmsprop_0.0001_16_20251211_073840,distilbert_imdb_rmsprop_0.0001_16_20251211_073840,imdb,distilbert,rmsprop,2025,0.0001,16,3,0.5,0.3333333333333333,0.5,0.25,0.5,0.3333333333333333,0.25,0.5,0.3333333333333332,0.6944582515318121,0.50096,0.6931631367937235,0.5,0.3333333333333333,2,0.682072050092469,0.52004,0.3773132651326177,3218.446969032288
distilbert_imdb_sgd_0.001_16_20251211_064423,distilbert_imdb_sgd_0.001_16_20251211_064423,imdb,distilbert,sgd,2025,0.001,16,3,0.90312,0.9030435511586964,0.90312,0.9043954412225036,0.90312,0.9030435511586964,0.9043954412225036,0.90312,0.9030435511586964,0.1593500870796574,0.9388,0.2411363182037649,0.90312,0.9030435511586964,2,0.2352094867402867,0.9054,0.905350970136708,3245.7255861759186
distilbert_imdb_spsa_0.001_16_20251211_092623,distilbert_imdb_spsa_0.001_16_20251211_092623,imdb,distilbert,spsa,2025,0.001,16,3,0.53764,0.5300409188114987,0.53764,0.5402428539656572,0.53764,0.5300409188114987,0.5402428539656573,0.53764,0.5300409188114987,0.6930552887291155,0.5148,0.6916536404700594,0.53764,0.5300409188114987,3,0.6916536404700594,0.53764,0.5300409188114987,3266.8356177806854
distilbert_sst2_adagrad_0.001_16_20251212_100040,distilbert_sst2_adagrad_0.001_16_20251212_100040,sst2,distilbert,adagrad,2025,0.001,16,3,0.8428899082568807,0.8422623881144873,0.8428899082568807,0.845920686369999,0.8420160815020628,0.8422623881144873,0.8454048092443618,0.8428899082568807,0.8424449394286382,0.1225080700750482,0.9560498299900518,0.4776274312626232,0.8428899082568807,0.8422623881144873,1,0.3804368421435356,0.8428899082568807,0.842815283221692,4429.301097869873
distilbert_sst2_adamw_2e-05_16_20251212_061541,distilbert_sst2_adamw_2e-05_16_20251212_061541,sst2,distilbert,adamw,2025,2e-05,16,3,0.9059633027522936,0.9059316325671466,0.9059633027522936,0.9059316325671466,0.9059316325671466,0.9059316325671466,0.9059633027522936,0.9059633027522936,0.9059633027522936,0.0748177442546201,0.9731844570817682,0.2796702754091132,0.9059633027522936,0.9059316325671466,1,0.2369348484006795,0.9105504587155964,0.9105499881638128,4560.350088834763
distilbert_sst2_adam_2e-05_16_20251212_050002,distilbert_sst2_adam_2e-05_16_20251212_050002,sst2,distilbert,adam,2025,2e-05,16,3,0.9094036697247706,0.90939401791128,0.9094036697247706,0.9093847812935638,0.9095205018102216,0.90939401791128,0.9095358887432188,0.9094036697247706,0.9094111766908188,0.0743169553577485,0.9731102169297244,0.2791946602138606,0.9094036697247706,0.90939401791128,1,0.236652432043444,0.9128440366972476,0.9128435782108946,4526.893167972565
distilbert_sst2_cobyla_0.0001_16_20251212_123355,distilbert_sst2_cobyla_0.0001_16_20251212_123355,sst2,distilbert,cobyla,2025,0.0001,16,3,0.5091743119266054,0.3373860182370821,0.5091743119266054,0.2545871559633027,0.5,0.3373860182370821,0.2592584799259321,0.5091743119266054,0.3435765873790469,0.6839234814791102,0.5585383598865611,0.6929381403056059,0.5091743119266054,0.3373860182370821,1,0.693438708782196,0.5091743119266054,0.3373860182370821,4313.396987199783
distilbert_sst2_qng_1e-05_16_20251212_150131,distilbert_sst2_qng_1e-05_16_20251212_150131,sst2,distilbert,qng,2025,1e-05,16,3,0.9036697247706422,0.9036083695223056,0.9036697247706422,0.9037914691943127,0.9035109876231372,0.9036083695223056,0.9037219009522152,0.9036697247706422,0.903652991521096,0.1090410288615758,0.9611427044202586,0.3058108380403031,0.9036697247706422,0.9036083695223056,3,0.3058108380403031,0.9036697247706422,0.9036083695223056,4536.430600643158
distilbert_sst2_qpso_3e-05_16_20251212_134559,distilbert_sst2_qpso_3e-05_16_20251212_134559,sst2,distilbert,qpso,2025,3e-05,16,3,0.8853211009174312,0.8853060172251421,0.8853211009174312,0.8863583668823641,0.8858297549886335,0.8853060172251421,0.8868193739778899,0.8853211009174312,0.8852818833174798,0.0790097297251809,0.9720114626794756,0.3419461016966538,0.8853211009174312,0.8853060172251421,1,0.236232801052657,0.9025229357798163,0.9024550736653704,4510.158440589905
distilbert_sst2_rmsprop_0.0001_16_20251212_084613,distilbert_sst2_rmsprop_0.0001_16_20251212_084613,sst2,distilbert,rmsprop,2025,0.0001,16,3,0.8096330275229358,0.8094365455502897,0.8096330275229358,0.8125211864406781,0.810495074513766,0.8094365455502897,0.8131629995335097,0.8096330275229358,0.809324270137349,0.3026039874278486,0.8849129163016526,0.47695746476,0.8096330275229358,0.8094365455502897,3,0.47695746476,0.8096330275229358,0.8094365455502897,4455.406514167786
distilbert_sst2_sgd_0.001_16_20251212_073152,distilbert_sst2_sgd_0.001_16_20251212_073152,sst2,distilbert,sgd,2025,0.001,16,3,0.9002293577981652,0.900133613284978,0.9002293577981652,0.9005902969931747,0.8999642165530015,0.900133613284978,0.9004383225952761,0.9002293577981652,0.9001903507742741,0.1074020583072518,0.9613951209372076,0.3060103765773502,0.9002293577981652,0.900133613284978,3,0.3060103765773502,0.9002293577981652,0.900133613284978,4451.495001792908
distilbert_sst2_spsa_0.001_16_20251212_111439,distilbert_sst2_spsa_0.001_16_20251212_111439,sst2,distilbert,spsa,2025,0.001,16,3,0.5091743119266054,0.3373860182370821,0.5091743119266054,0.2545871559633027,0.5,0.3373860182370821,0.2592584799259321,0.5091743119266054,0.3435765873790469,0.6852301778249673,0.558731384281875,0.6936922810294411,0.5091743119266054,0.3373860182370821,1,0.6934835054657676,0.5091743119266054,0.3373860182370821,4745.090916156769
lstm_ag_news_adagrad_0.001_16_20251210_233908,lstm_ag_news_adagrad_0.001_16_20251210_233908,ag_news,lstm,adagrad,2025,0.001,16,8,0.883421052631579,0.8833798725411227,0.883421052631579,0.8834271608486308,0.883421052631579,0.8833798725411227,0.8834271608486308,0.883421052631579,0.8833798725411228,0.3092029851692418,0.893025,0.3346537618260634,0.883421052631579,0.8833798725411227,8,0.3346537618260634,0.883421052631579,0.8833798725411227,3692.3500938415527
lstm_ag_news_adamw_2e-05_16_20251210_203359,lstm_ag_news_adamw_2e-05_16_20251210_203359,ag_news,lstm,adamw,2025,2e-05,16,8,0.8967105263157895,0.8971892644209913,0.8967105263157895,0.8984797592378454,0.8967105263157895,0.8971892644209913,0.8984797592378455,0.8967105263157895,0.8971892644209913,0.2445497455708682,0.9154666666666668,0.3009459943520395,0.8967105263157895,0.8971892644209913,7,0.2921222502542169,0.8980263157894737,0.8979288761146536,3736.5615396499634
lstm_ag_news_adam_2e-05_16_20251210_193135,lstm_ag_news_adam_2e-05_16_20251210_193135,ag_news,lstm,adam,2025,2e-05,16,8,0.8978947368421053,0.8983809088180137,0.8978947368421053,0.8997238284831955,0.8978947368421053,0.8983809088180137,0.8997238284831958,0.8978947368421053,0.8983809088180137,0.2431329474064211,0.915825,0.3008936203506432,0.8978947368421053,0.8983809088180137,7,0.2916166455945686,0.8978947368421053,0.8977621707664142,3738.6958248615274
lstm_ag_news_cobyla_0.0001_16_20251211_015031,lstm_ag_news_cobyla_0.0001_16_20251211_015031,ag_news,lstm,cobyla,2025,0.0001,16,8,0.2438157894736842,0.134343908167475,0.2438157894736842,0.2522678564830211,0.2438157894736842,0.134343908167475,0.2522678564830211,0.2438157894736842,0.134343908167475,1.386818965514501,0.2452583333333333,1.3865692633076718,0.2438157894736842,0.134343908167475,1,1.3867071467951724,0.2460526315789473,0.1140429881079632,3618.7101516723633
lstm_ag_news_qng_1e-05_16_20251211_035306,lstm_ag_news_qng_1e-05_16_20251211_035306,ag_news,lstm,qng,2025,1e-05,16,8,0.8423684210526315,0.842940330037003,0.8423684210526315,0.8439765509281287,0.8423684210526315,0.842940330037003,0.8439765509281286,0.8423684210526315,0.8429403300370029,0.4598784363855918,0.836275,0.438942822751246,0.8423684210526315,0.842940330037003,8,0.438942822751246,0.8423684210526315,0.842940330037003,3727.301642894745
lstm_ag_news_qpso_3e-05_16_20251211_025055,lstm_ag_news_qpso_3e-05_16_20251211_025055,ag_news,lstm,qpso,2025,3e-05,16,8,0.9023684210526316,0.9025649626293027,0.9023684210526316,0.9035631710150008,0.9023684210526316,0.9025649626293027,0.9035631710150008,0.9023684210526316,0.9025649626293027,0.1818474771683415,0.9386083333333334,0.2902579570689091,0.9023684210526316,0.9025649626293027,7,0.2755679199364232,0.9078947368421052,0.9077492987744512,3725.80651140213
lstm_ag_news_rmsprop_0.0001_16_20251210_223739,lstm_ag_news_rmsprop_0.0001_16_20251210_223739,ag_news,lstm,rmsprop,2025,0.0001,16,8,0.9103947368421051,0.9103316567564343,0.9103947368421051,0.911364315156654,0.9103947368421051,0.9103316567564343,0.9113643151566538,0.9103947368421051,0.9103316567564343,0.1465525686249758,0.9504,0.3003227459369717,0.9103947368421051,0.9103316567564343,7,0.267037890402012,0.9146052631578948,0.9143653320525372,3683.8924884796143
lstm_ag_news_sgd_0.001_16_20251210_213620,lstm_ag_news_sgd_0.001_16_20251210_213620,ag_news,lstm,sgd,2025,0.001,16,8,0.8982894736842105,0.8983480657303502,0.8982894736842105,0.8995990010512842,0.8982894736842105,0.8983480657303502,0.8995990010512842,0.8982894736842105,0.8983480657303502,0.2607280320054541,0.9118916666666668,0.3090976330422257,0.8982894736842105,0.8983480657303502,8,0.3090976330422257,0.8982894736842105,0.8983480657303502,3674.177907705307
lstm_ag_news_spsa_0.001_16_20251211_004045,lstm_ag_news_spsa_0.001_16_20251211_004045,ag_news,lstm,spsa,2025,0.001,16,8,0.246578947368421,0.1129442151830769,0.246578947368421,0.4016302821893512,0.246578947368421,0.1129442151830769,0.4016302821893512,0.246578947368421,0.1129442151830769,1.386717917807897,0.2463166666666666,1.3866781553469203,0.246578947368421,0.1129442151830769,3,1.386692586948997,0.2477631578947368,0.1113780951106354,4181.110860586166
lstm_imdb_adagrad_0.001_16_20251212_032237,lstm_imdb_adagrad_0.001_16_20251212_032237,imdb,lstm,adagrad,2025,0.001,16,8,0.81256,0.8124819624935113,0.81256,0.8130811674345583,0.81256,0.8124819624935113,0.8130811674345582,0.81256,0.8124819624935113,0.3891914728468836,0.82852,0.4262851064074939,0.81256,0.8124819624935113,8,0.4262851064074939,0.81256,0.8124819624935113,1139.4755425453186
lstm_imdb_adamw_2e-05_16_20251212_022505,lstm_imdb_adamw_2e-05_16_20251212_022505,imdb,lstm,adamw,2025,2e-05,16,8,0.81104,0.8107859821488607,0.81104,0.8127192895759001,0.81104,0.8107859821488607,0.8127192895759002,0.81104,0.8107859821488607,0.3980641528077409,0.82356,0.4399894351403033,0.81104,0.8107859821488607,8,0.4399894351403033,0.81104,0.8107859821488607,1152.1308116912842
lstm_imdb_adam_2e-05_16_20251212_020558,lstm_imdb_adam_2e-05_16_20251212_020558,imdb,lstm,adam,2025,2e-05,16,8,0.81204,0.8118563835705265,0.81204,0.813262900171851,0.8120400000000001,0.8118563835705265,0.8132629001718511,0.81204,0.8118563835705264,0.3983664895126015,0.82416,0.4373175515718782,0.81204,0.8118563835705265,8,0.4373175515718782,0.81204,0.8118563835705265,1140.8133029937744
lstm_imdb_cobyla_0.0001_16_20251212_040233,lstm_imdb_cobyla_0.0001_16_20251212_040233,imdb,lstm,cobyla,2025,0.0001,16,8,0.49948,0.3352908600501201,0.49948,0.4565362754931461,0.49948,0.3352908600501201,0.456536275493146,0.49948,0.3352908600501201,0.6934049459351841,0.50404,0.693329354813674,0.49948,0.3352908600501201,1,0.6933897281791336,0.49988,0.3341311489196518,1132.408792257309
lstm_imdb_qng_1e-05_16_20251212_044044,lstm_imdb_qng_1e-05_16_20251212_044044,imdb,lstm,qng,2025,1e-05,16,8,0.67544,0.6722978851609529,0.67544,0.6824370644870383,0.67544,0.6722978851609529,0.6824370644870383,0.67544,0.6722978851609529,0.6145254872162527,0.66672,0.6102953305323766,0.67544,0.6722978851609529,8,0.6102953305323766,0.67544,0.6722978851609529,1152.747062444687
lstm_imdb_qpso_3e-05_16_20251212_042130,lstm_imdb_qpso_3e-05_16_20251212_042130,imdb,lstm,qpso,2025,3e-05,16,8,0.82224,0.8222371557944927,0.82224,0.8222606246799795,0.82224,0.8222371557944927,0.8222606246799795,0.82224,0.8222371557944927,0.3809188083672249,0.83416,0.4160683212071295,0.82224,0.8222371557944927,8,0.4160683212071295,0.82224,0.8222371557944927,1147.8227360248566
lstm_imdb_rmsprop_0.0001_16_20251212_030329,lstm_imdb_rmsprop_0.0001_16_20251212_030329,imdb,lstm,rmsprop,2025,0.0001,16,8,0.74676,0.7443666332170144,0.74676,0.7563607059778061,0.7467600000000001,0.7443666332170144,0.756360705977806,0.74676,0.7443666332170144,0.4606427113768083,0.78648,0.5052307742961842,0.74676,0.7443666332170144,7,0.4971003895357337,0.75784,0.7567230137637198,1142.7850704193115
lstm_imdb_sgd_0.001_16_20251212_024424,lstm_imdb_sgd_0.001_16_20251212_024424,imdb,lstm,sgd,2025,0.001,16,8,0.56408,0.564065132179772,0.56408,0.5640887431401522,0.5640799999999999,0.564065132179772,0.5640887431401522,0.56408,0.564065132179772,0.6784965869179919,0.57196,0.6796166796906972,0.56408,0.564065132179772,8,0.6796166796906972,0.56408,0.564065132179772,1138.273958683014
lstm_imdb_spsa_0.001_16_20251212_034143,lstm_imdb_spsa_0.001_16_20251212_034143,imdb,lstm,spsa,2025,0.001,16,8,0.49992,0.3335819474588374,0.49992,0.4499799919967987,0.49992,0.3335819474588374,0.4499799919967987,0.49992,0.3335819474588374,0.6936657286498765,0.50308,0.6934629289751547,0.49992,0.3335819474588374,3,0.6934668596021197,0.49996,0.3335997569626959,1244.312727689743
lstm_sst2_adagrad_0.001_16_20251213_152234,lstm_sst2_adagrad_0.001_16_20251213_152234,sst2,lstm,adagrad,2025,0.001,16,8,0.7717889908256881,0.7717862896597074,0.7717889908256881,0.7721937096986445,0.7721120653363645,0.7717862896597074,0.7724880506971584,0.7717889908256881,0.7717718834411437,0.260225548359373,0.8941186951550877,0.6051994711837986,0.7717889908256881,0.7717862896597074,7,0.5679510543292219,0.7775229357798165,0.77744800875642,1423.335177898407
lstm_sst2_adamw_2e-05_16_20251213_141116,lstm_sst2_adamw_2e-05_16_20251213_141116,sst2,lstm,adamw,2025,2e-05,16,8,0.783256880733945,0.7824532224532225,0.783256880733945,0.7853496817691191,0.7824050686200219,0.7824532224532225,0.7849776282517549,0.783256880733945,0.782695836273818,0.2433507121168077,0.9018842150588724,0.6007659581574527,0.783256880733945,0.7824532224532225,7,0.5478424713015556,0.7844036697247706,0.7843855218855219,1444.7859830856323
lstm_sst2_adam_2e-05_16_20251213_134715,lstm_sst2_adam_2e-05_16_20251213_134715,sst2,lstm,adam,2025,2e-05,16,8,0.7775229357798165,0.7766015889114266,0.7775229357798165,0.7799054272812473,0.7766060452976341,0.7766015889114266,0.7795083453643423,0.7775229357798165,0.7768648308738237,0.24322267327847,0.9020623914237776,0.5905963691798124,0.7775229357798165,0.7766015889114266,7,0.5482095391912893,0.7855504587155964,0.7855366384554177,1436.7498543262482
lstm_sst2_cobyla_0.0001_16_20251213_161452,lstm_sst2_cobyla_0.0001_16_20251213_161452,sst2,lstm,cobyla,2025,0.0001,16,8,0.5091743119266054,0.3394640897667339,0.5091743119266054,0.5045977011494254,0.5000420981729393,0.3394640897667339,0.5046820626384055,0.5091743119266054,0.3456074462250098,0.6914220603373158,0.5390428959598509,0.692540664022619,0.5091743119266054,0.3394640897667339,5,0.692680649323897,0.5344036697247706,0.5164554195804196,1385.5828897953031
lstm_sst2_qng_1e-05_16_20251213_170213,lstm_sst2_qng_1e-05_16_20251213_170213,sst2,lstm,qng,2025,1e-05,16,8,0.7121559633027523,0.7121252974143204,0.7121559633027523,0.7121360372445356,0.7122063652437485,0.7121252974143204,0.7122954457102688,0.7121559633027523,0.7121798145493106,0.5166731743553472,0.7407236930021233,0.5941778080029921,0.7121559633027523,0.7121252974143204,8,0.5941778080029921,0.7121559633027523,0.7121252974143204,1447.8195934295654
lstm_sst2_qpso_3e-05_16_20251213_163802,lstm_sst2_qpso_3e-05_16_20251213_163802,sst2,lstm,qpso,2025,3e-05,16,8,0.7958715596330275,0.7952511608273534,0.7958715596330275,0.797534165181224,0.7951292413909237,0.7952511608273534,0.7972016440715847,0.7958715596330275,0.7954579604292447,0.1803845867609733,0.9297539681361268,0.5730089421976696,0.7958715596330275,0.7952511608273534,7,0.5670805597847158,0.801605504587156,0.8004969854223781,1445.5840332508087
lstm_sst2_rmsprop_0.0001_16_20251213_145848,lstm_sst2_rmsprop_0.0001_16_20251213_145848,sst2,lstm,rmsprop,2025,0.0001,16,8,0.805045871559633,0.8050294612794613,0.805045871559633,0.8057943531394859,0.80548539193399,0.8050294612794613,0.8061685939294123,0.805045871559633,0.8049966407191177,0.1316266617171672,0.949501848579786,0.6321755229749463,0.805045871559633,0.8050294612794613,8,0.6321755229749463,0.805045871559633,0.8050294612794613,1422.3547489643097
lstm_sst2_sgd_0.001_16_20251213_143525,lstm_sst2_sgd_0.001_16_20251213_143525,sst2,lstm,sgd,2025,0.001,16,8,0.7729357798165137,0.7726667052893808,0.7729357798165137,0.7758306299429638,0.7738275658836407,0.7726667052893808,0.7764400720748481,0.7729357798165137,0.7725231988749097,0.375691699691453,0.8345632451855262,0.5038176932118156,0.7729357798165137,0.7726667052893808,8,0.5038176932118156,0.7729357798165137,0.7726667052893808,1399.3862726688385
lstm_sst2_spsa_0.001_16_20251213_154622,lstm_sst2_spsa_0.001_16_20251213_154622,sst2,lstm,spsa,2025,0.001,16,8,0.5126146788990825,0.492161110722855,0.5126146788990825,0.5199863352212863,0.5164709101624989,0.492161110722855,0.5203085934211642,0.5126146788990825,0.4902910702038857,0.6935932146540164,0.4965032888387355,0.6928451429713857,0.5126146788990825,0.492161110722855,7,0.6928727821870284,0.5149082568807339,0.4822514152406646,1706.2691209316254
roberta_ag_news_adagrad_0.001_16_20251209_214542,roberta_ag_news_adagrad_0.001_16_20251209_214542,ag_news,roberta,adagrad,2025,0.001,16,3,0.25,0.1,0.25,0.0625,0.25,0.1,0.0625,0.25,0.1,1.3875123676935832,0.2494583333333333,1.3866997854333174,0.25,0.1,1,1.38648041047548,0.25,0.1,15325.537025928495
roberta_ag_news_adamw_2e-05_16_20251209_085511,roberta_ag_news_adamw_2e-05_16_20251209_085511,ag_news,roberta,adamw,2025,2e-05,16,3,0.9475,0.9476028063183116,0.9475,0.9480612732682628,0.9475,0.9476028063183116,0.9480612732682628,0.9475,0.9476028063183116,0.1214885742068446,0.9577916666666668,0.1655206624286151,0.9475,0.9476028063183116,3,0.1655206624286151,0.9475,0.9476028063183116,15677.185051441193
roberta_ag_news_adam_2e-05_16_20251209_043544,roberta_ag_news_adam_2e-05_16_20251209_043544,ag_news,roberta,adam,2025,2e-05,16,3,0.9419736842105264,0.94210355412534,0.9419736842105264,0.9437059620509144,0.9419736842105264,0.94210355412534,0.9437059620509144,0.9419736842105264,0.94210355412534,0.118659429078813,0.958525,0.1804274504501862,0.9419736842105264,0.94210355412534,2,0.1656571426860204,0.9447368421052632,0.9446309510495848,15551.875318288803
roberta_ag_news_cobyla_0.0001_16_20251210_063638,roberta_ag_news_cobyla_0.0001_16_20251210_063638,ag_news,roberta,cobyla,2025,0.0001,16,3,0.5965789473684211,0.5877173804653788,0.5965789473684211,0.6506365840015935,0.5965789473684211,0.5877173804653788,0.6506365840015935,0.5965789473684211,0.5877173804653788,1.3780024797121684,0.3148666666666667,1.3717370432301572,0.5965789473684211,0.5877173804653788,3,1.3717370432301572,0.5965789473684211,0.5877173804653788,14987.91363954544
roberta_ag_news_qng_1e-05_16_20251210_150845,roberta_ag_news_qng_1e-05_16_20251210_150845,ag_news,roberta,qng,2025,1e-05,16,3,0.9514473684210526,0.9515627630263556,0.9514473684210526,0.9520021737448464,0.9514473684210526,0.9515627630263556,0.9520021737448464,0.9514473684210526,0.9515627630263558,0.1197286804220328,0.9586583333333332,0.1512462825014403,0.9514473684210526,0.9515627630263556,3,0.1512462825014403,0.9514473684210526,0.9515627630263556,15756.588543176653
roberta_ag_news_qpso_3e-05_16_20251210_104640,roberta_ag_news_qpso_3e-05_16_20251210_104640,ag_news,roberta,qpso,2025,3e-05,16,3,0.9252631578947368,0.9253638687781603,0.9252631578947368,0.9280020052951256,0.9252631578947368,0.9253638687781603,0.9280020052951256,0.9252631578947368,0.9253638687781603,0.1586266463084457,0.94835,0.2263397291126219,0.9252631578947368,0.9253638687781603,1,0.196993487825323,0.9336842105263158,0.9338216989166828,15708.62931728363
roberta_ag_news_rmsprop_0.0001_16_20251209_173040,roberta_ag_news_rmsprop_0.0001_16_20251209_173040,ag_news,roberta,rmsprop,2025,0.0001,16,3,0.25,0.1,0.25,0.0625,0.25,0.1,0.0625,0.25,0.1,1.387609661102295,0.2495583333333333,1.3868413267637554,0.25,0.1,1,1.3870451703824496,0.25,0.1,15284.399176836014
roberta_ag_news_sgd_0.001_16_20251209_131644,roberta_ag_news_sgd_0.001_16_20251209_131644,ag_news,roberta,sgd,2025,0.001,16,3,0.9401315789473684,0.9402610827746506,0.9401315789473684,0.9410068581627709,0.9401315789473684,0.9402610827746506,0.9410068581627709,0.9401315789473684,0.9402610827746504,0.1599549924590935,0.9447416666666668,0.1773807270187688,0.9401315789473684,0.9402610827746506,3,0.1773807270187688,0.9401315789473684,0.9402610827746506,15220.058455228806
roberta_ag_news_spsa_0.001_16_20251210_020124,roberta_ag_news_spsa_0.001_16_20251210_020124,ag_news,roberta,spsa,2025,0.001,16,3,0.2992105263157895,0.2469270120991716,0.2992105263157895,0.2618145263195899,0.2992105263157895,0.2469270120991716,0.2618145263195898,0.2992105263157895,0.2469270120991716,1.3867573316256203,0.2637916666666666,1.38388993313438,0.2992105263157895,0.2469270120991716,3,1.38388993313438,0.2992105263157895,0.2469270120991716,16497.03400826454
roberta_imdb_adagrad_0.001_16_20251211_185109,roberta_imdb_adagrad_0.001_16_20251211_185109,imdb,roberta,adagrad,2025,0.001,16,3,0.5,0.3333333333333333,0.5,0.25,0.5,0.3333333333333333,0.25,0.5,0.3333333333333332,0.6936838368307835,0.5038,0.6932877167554063,0.5,0.3333333333333333,1,0.6931484425517892,0.5,0.3333333333333333,4989.813146352768
roberta_imdb_adamw_2e-05_16_20251211_143050,roberta_imdb_adamw_2e-05_16_20251211_143050,imdb,roberta,adamw,2025,2e-05,16,3,0.93204,0.931998041050478,0.93204,0.9331089572568672,0.93204,0.931998041050478,0.9331089572568672,0.93204,0.931998041050478,0.0904629502616916,0.9682,0.1860314174990217,0.93204,0.931998041050478,1,0.171592604757423,0.93564,0.9356281637187244,5150.169196605682
roberta_imdb_adam_2e-05_16_20251211_130336,roberta_imdb_adam_2e-05_16_20251211_130336,imdb,roberta,adam,2025,2e-05,16,3,0.93276,0.932720858717948,0.93276,0.9337694237850436,0.93276,0.932720858717948,0.9337694237850436,0.93276,0.9327208587179482,0.0905670607685226,0.9682,0.1882175507297428,0.93276,0.932720858717948,2,0.1922030130162762,0.93588,0.9358512776918408,5098.881106853485
roberta_imdb_cobyla_0.0001_16_20251211_214526,roberta_imdb_cobyla_0.0001_16_20251211_214526,imdb,roberta,cobyla,2025,0.0001,16,3,0.50016,0.3562580210168156,0.50016,0.5015117066563468,0.50016,0.3562580210168156,0.5015117066563468,0.50016,0.3562580210168155,0.6945722125237063,0.49772,0.693147553706581,0.50016,0.3562580210168156,3,0.693147553706581,0.50016,0.3562580210168156,4960.132700920105
roberta_imdb_qng_1e-05_16_20251212_003746,roberta_imdb_qng_1e-05_16_20251212_003746,imdb,roberta,qng,2025,1e-05,16,3,0.9368,0.9367664329921158,0.9368,0.9377294600277132,0.9368,0.9367664329921158,0.9377294600277132,0.9368,0.9367664329921156,0.1118570011654619,0.9602,0.1729346249612752,0.9368,0.9367664329921158,2,0.1665626658833992,0.9396,0.939572015171775,5156.04708480835
roberta_imdb_qpso_3e-05_16_20251211_231023,roberta_imdb_qpso_3e-05_16_20251211_231023,imdb,roberta,qpso,2025,3e-05,16,3,0.90928,0.9090526315789472,0.90928,0.9134141414141416,0.90928,0.9090526315789472,0.9134141414141412,0.90928,0.9090526315789472,0.1334062481584457,0.95348,0.2857582414071704,0.90928,0.9090526315789472,2,0.2148798008388896,0.92712,0.9271195223705018,5103.345133543015
roberta_imdb_rmsprop_0.0001_16_20251211_172552,roberta_imdb_rmsprop_0.0001_16_20251211_172552,imdb,roberta,rmsprop,2025,0.0001,16,3,0.5,0.3333333333333333,0.5,0.25,0.5,0.3333333333333333,0.25,0.5,0.3333333333333332,0.6954684639999063,0.50072,0.6931519541157718,0.5,0.3333333333333333,1,0.6932506305394993,0.5,0.3333333333333333,4981.543360233307
roberta_imdb_sgd_0.001_16_20251211_155859,roberta_imdb_sgd_0.001_16_20251211_155859,imdb,roberta,sgd,2025,0.001,16,3,0.91932,0.9192517155039096,0.91932,0.9207431998892432,0.91932,0.9192517155039096,0.9207431998892432,0.91932,0.9192517155039098,0.1843060303204743,0.92912,0.2073025467475758,0.91932,0.9192517155039096,3,0.2073025467475758,0.91932,0.9192517155039096,5074.3271408081055
roberta_imdb_spsa_0.001_16_20251211_201640,roberta_imdb_spsa_0.001_16_20251211_201640,imdb,roberta,spsa,2025,0.001,16,3,0.4998,0.3333865259434055,0.4998,0.3610610931046287,0.4998,0.3333865259434055,0.3610610931046288,0.4998,0.3333865259434055,0.694956653482702,0.4986,0.693651990484749,0.4998,0.3333865259434055,1,0.693619815760214,0.50004,0.3393015059787774,5190.44042801857
roberta_sst2_adagrad_0.001_16_20251213_014636,roberta_sst2_adagrad_0.001_16_20251213_014636,sst2,roberta,adagrad,2025,0.001,16,3,0.5091743119266054,0.3373860182370821,0.5091743119266054,0.2545871559633027,0.5,0.3373860182370821,0.2592584799259321,0.5091743119266054,0.3435765873790469,0.6874382982061481,0.5570684048760932,0.6999836455691945,0.5091743119266054,0.3373860182370821,1,0.7006583799015392,0.5091743119266054,0.3373860182370821,8472.391397476196
roberta_sst2_adamw_2e-05_16_20251212_183956,roberta_sst2_adamw_2e-05_16_20251212_183956,sst2,roberta,adamw,2025,2e-05,16,3,0.9254587155963304,0.9254366520688436,0.9254587155963304,0.9254210800486196,0.9254546602677444,0.9254366520688436,0.9254640921031462,0.9254587155963304,0.9254601864981628,0.1080894535723211,0.961513905180478,0.2093992886980148,0.9254587155963304,0.9254366520688436,1,0.230353169651194,0.9311926605504588,0.9311922985875484,8638.830593824387
roberta_sst2_adam_2e-05_16_20251212_161721,roberta_sst2_adam_2e-05_16_20251212_161721,sst2,roberta,adam,2025,2e-05,16,3,0.9403669724770642,0.9402963064396354,0.9403669724770642,0.941026939223256,0.9400522017344448,0.9402963064396354,0.94078695131555,0.9403669724770642,0.9403339949929308,0.107530299162397,0.9623008507921424,0.2075265023434026,0.9403669724770642,0.9402963064396354,3,0.2075265023434026,0.9403669724770642,0.9402963064396354,8539.47880268097
roberta_sst2_cobyla_0.0001_16_20251213_064222,roberta_sst2_cobyla_0.0001_16_20251213_064222,sst2,roberta,cobyla,2025,0.0001,16,3,0.5091743119266054,0.3373860182370821,0.5091743119266054,0.2545871559633027,0.5,0.3373860182370821,0.2592584799259321,0.5091743119266054,0.3435765873790469,0.6885266601331443,0.5526882359055071,0.6963866938244213,0.5091743119266054,0.3373860182370821,1,0.6964903842319142,0.5091743119266054,0.3373860182370821,8185.440818548202
roberta_sst2_qng_1e-05_16_20251213_112248,roberta_sst2_qng_1e-05_16_20251213_112248,sst2,roberta,qng,2025,1e-05,16,3,0.9392201834862384,0.9391701842294728,0.9392201834862384,0.939530681165605,0.9390102719541972,0.9391701842294728,0.939384564610609,0.9392201834862384,0.9392021837538028,0.1164028939145623,0.957178280301118,0.2056211106563833,0.9392201834862384,0.9391701842294728,2,0.171399248543788,0.9461009174311926,0.9460565784676456,8649.768187046051
roberta_sst2_qpso_3e-05_16_20251213_085900,roberta_sst2_qpso_3e-05_16_20251213_085900,sst2,roberta,qpso,2025,3e-05,16,3,0.9185779816513762,0.9184998453245224,0.9185779816513762,0.9189738319234722,0.918319019954534,0.9184998453245224,0.918807158124695,0.9185779816513762,0.9185461483330282,0.1367676299247302,0.9527090231480794,0.255457983369177,0.9185779816513762,0.9184998453245224,2,0.2199722888794812,0.9254587155963304,0.9253871823393516,8613.396010398865
roberta_sst2_rmsprop_0.0001_16_20251212_232500,roberta_sst2_rmsprop_0.0001_16_20251212_232500,sst2,roberta,rmsprop,2025,0.0001,16,3,0.5091743119266054,0.3373860182370821,0.5091743119266054,0.2545871559633027,0.5,0.3373860182370821,0.2592584799259321,0.5091743119266054,0.3435765873790469,0.687395801453579,0.5565041797205601,0.7066855907440186,0.5091743119266054,0.3373860182370821,1,0.6966234944083474,0.5091743119266054,0.3373860182370821,8483.664034843445
roberta_sst2_sgd_0.001_16_20251212_210411,roberta_sst2_sgd_0.001_16_20251212_210411,sst2,roberta,sgd,2025,0.001,16,3,0.9151376146788992,0.914976150947374,0.9151376146788992,0.9164781496437556,0.9146459543655804,0.914976150947374,0.9161206736531272,0.9151376146788992,0.9150441356764372,0.1616247933231307,0.9408305988210665,0.2953591635704717,0.9151376146788992,0.914976150947374,2,0.2105520689859986,0.9288990825688074,0.928897586431833,8436.741453409195
roberta_sst2_spsa_0.001_16_20251213_040807,roberta_sst2_spsa_0.001_16_20251213_040807,sst2,roberta,spsa,2025,0.001,16,3,0.5091743119266054,0.3373860182370821,0.5091743119266054,0.2545871559633027,0.5,0.3373860182370821,0.2592584799259321,0.5091743119266054,0.3435765873790469,0.6888856254535729,0.5542621271288364,0.6947629993612116,0.5091743119266054,0.3373860182370821,1,0.695123827457428,0.5091743119266054,0.3373860182370821,9238.69366145134
